"X","sentence","head","tail","rel_head_tail","rel_tail_head"
1001,"Kaveladze testified that Futerfas reached out to him in June 2017, to ""collect information"" about the meeting and to ""know what [Kaveladze's] recollection was.""","Futerfas","Kaveladze","neutral","none"
1002,"Schiller recalled Emin Agalarov and Aras Agalarov being at the meeting, and Schiller referred to it as a business-related meeting.","Emin Agalarov","Aras Agalarov","neutral","neutral"
1003,"Donald Trump first met Emin Agalarov and Aras Agalarov in 2013 in an effort to bring the annual Miss Universe pageant to Moscow.","Donald Trump","Aras Agalarov","neutral","neutral"
1004,"Steve Bannon's podcast has attracted a considerable audience among the president's supporters and has featured some of the president's associates as guests, including an appearance last week by former White House Chief of Staff Reince Priebus.","Reince Priebus","Steve Bannon","positive","positive"
1005,"Kaveladze and Goldstone knew each other because Kaveladze worked for Aras Agalarov and Goldstone worked for Emin Agalarov, but they were not close.","Kaveladze","Aras Agalarov","neutral","none"
1006,"Referring back to the (surprise) sacking of Sergei Ivanov as Head of Russian Presidential Administration in August 2016, his replacement by Anton Vaino and the appointment of former Russian premier Sergei Kiriyenko to another senior position in the Russian Presidential Administration, the Kremlin insider repeated that this had been directly connected to the TRUMP support operation and the need to cover up now that it was being exposed by the USG and in the western media.","Sergei Ivanov","Russian Presidential Administration","negative","none"
1007,"Based on information about Assange's computer and its possible operating system, this date may be when the GRU staged the stolen Podesta emails for transfer to WikiLeaks (as the GRU had previously done in July 2016 for the DNC emails).","GRU","DNC","negative","none"
1008,"On February 29, 2016, Manafort sent another set of talking points to Barrack for his transmission to Trump.","Manafort","Barrack","neutral","neutral"
1009,"At 3:38 p.m., Trump Jr. provided his cell phone number.","Trump Jr.","Rob Goldstone","neutral","none"
1010,"Mangiante characterized Mifsud as being affiliated with a number of universities in Europe, including the Link Campus University in Rome, Italy; the University of East Anglia and the University of Stirling in the United Kingdom; as well as serving as the Director of the London Academy of Diplomacy.","Mifsud","University of Stirling","positive","none"
1011,"Later that day, Cohen sent Sater images of every page of his passport.","Cohen","Sater","neutral","neutral"
1012,"According to Beniaminov, attendees at the dinner included Aras Agalarov, Donald Trump, Aras Agalarov's wife and daughter, Emin Agalarov, Emin Agalarov's friends Murad and Timur Beniaminov, Roman Beniaminov (no relation), Rob Goldstone, Goldstone and Agalarov's associate Murtaza Akbar, Trump Organization employees Keith Schiller and Michael Cohen, Miss Universe employee Esther Swan, former-Miss Universe Olivia Culpo, and others.","Murad","Keith Schiller","neutral","neutral"
1013,"Charlie Kushner, pursued by the feds for an income tax cheat, set up a scheme with a prostitute to blackmail his brother-in-law, who was planning to testify against him.","the feds","Charlie Kushner","negative","none"
1014,"Then-FBI Director James Comey later confirmed to Congress the existence of the FBI's investigation into Russian government interference that had begun before the election.","FBI","Russian government","negative","none"
1015,"On June 9, 2016, for example, a Russian lawyer met with senior Trump Campaign officials Donald Trump Jr., Jared Kushner, and campaign chairman Paul Manafort to deliver what the email proposing the meeting had described as ""official documents and information that would incriminate Hillary.""","Donald Trump Jr.","Jared Kushner","neutral","neutral"
1016,"Akhmetshin had only expected Trump Jr., and not Manafort and Kushner.","Akhmetshin","Trump Jr.","positive","none"
1017,"Gates was not aware of Manafort asking Kilimnik ""to reach out to his Russian contacts"" about the source of the leaked materials, and was not himself asked to contact Kilimnik about it.","Manafort","Kilimnik","neutral","neutral"
1018,"Vladimir Putin agreeing that Donald is a good guy to negotiate.","Vladimir Putin","Donald","positive","none"
1019,"Cohen eventually pleaded guilty to making intentionally false statements to this Committee and to the HPSCI related to the Trump Tower project.","Cohen","HPSCI","negative","none"
1020,"IRA Facebook groups active during the 2016 campaign covered a range of political issues and included purported conservative groups (with names such as ""Being Patriotic"", ""Stop All Immigrants"", ""Secured Borders"", and ""Tea Party News""), purported Black social justice groups (""Black Matters"", ""Blacktivist"", and ""Don't Shoot Us""), LGBTQ groups (""LGBT United""), and religious groups (""United Muslims of America"").","IRA","""Black Matters""","neutral","none"
1021,"[At the meeting] either Chaika or the Deputy Prosecutor General said Freeh should discuss follow-up details with Natalia Veselnitskaya. . . .","Chaika","Freeh","neutral","neutral"
1022,"Department of State personnel in the U.S. Embassy in Kyiv who interacted directly with Manafort and PoR leaders viewed Kilimnik as ""Manafort's man in Bankova""(Bankova is a reference to Bankova Street in Kyiv where the Ukrainian Presidential Administration is housed) and understood that Kilimnik maintained access to the inner-most circles of Ukraine Government.","Kilimnik","Ukraine Government","neutral","neutral"
1023,"Sam Clovis has already had lengthy discussions with Walid Phares and George Papadopoulos.","Sam Clovis","Walid Phares","neutral","neutral"
1024,"Shortly after the GRU's first release of stolen documents through dcleaks.com in June 2016, GRU officers also used the DCLeaks persona to contact WikiLeaks about possible coordination in the future release of stolen emails.","DCLeaks","GRU","neutral","neutral"
1025,"After Bannon assumed the role of Trump Campaign CEO, Stone repeated to him that he ""had a relationship with Assange and said that WikiLeaks was going to dump additional materials that would be bad for the Clinton Campaign.""","Bannon","Trump Campaign","neutral","none"
1026,"Gates also spoke with Stone shortly after the release, and Stone confirmed that this was the information he had said would be coming out.","Gates","Stone","neutral","neutral"
1027,"Before the first meeting about the New York governor’s race, Caputo said Roger Stone, then Trump’s political adviser, warned him that Cohen was “mercurial — you don’t want to get on his bad side.","Roger Stone","Trump","positive","none"
1028,"Having made that point, name-dropping and vastly praising the firm’s key partners, Anthony Scaramucci then helped himself to a chair in Conway’s meeting and, for both Conway’s and her visitor’s benefit, offered a stirring testimonial to the uniqueness and sagacity of Donald Trump and the working-class people—speaking of which, he took the opportunity to provide a résumé of his own Long Island working-class bona fides—who had elected him.","Anthony Scaramucci","Conway","neutral","neutral"
1029,"Two days later, on May 5, 2017, the President told close aides he was going to fire James Comey Jr., and on May 9, he did so, using his official termination letter to make public that James Comey Jr. had on three occasions informed the President that he was not under investigation.","the President","James Comey Jr.","neutral","neutral"
1030,"Corsi and Stone spoke twice that day at length: once at 1:42 p.m. for 18 minutes, and once at 2:18 p.m. for 21 minutes.","Corsi","Stone","neutral","neutral"
1031,"In June 2016, following the GRU's initial releases of stolen documents, WikiLeaks and the GRU personas exchanged the first of their many Twitter direct messages.","Wikileaks","GRU","neutral","neutral"
1032,"Separately, on August 2, 2016, Trump campaign chairman Paul Manafort met in New York City with his long-time business associate Konstantin Kilimnik, who the FBI assesses to have ties to Russian intelligence.","Konstantin Kilimnik","Russia","neutral","neutral"
1033,"The investigation did not establish that Smith was in contact with Russian hackers or that Smith, Ledeen, or other individuals in touch with the Trump Campaign ultimately obtained the deleted Clinton emails.","Ledeen","Trump Campaign","neutral","neutral"
1034,"Later that day, January 19, 2016, Graff responded, copying Trump Jr. and Dan Scavino from the Trump Campaign.","Graff","Trump Jr.","neutral","neutral"
1035,"And Emin Agalarov said again: ""There's information, it's potentially damaging to the Democrats and Hillary, and Emin Agalarov thinks you should contact the Trumps; my dad would really like this meeting to take place. ""","Emin Agalarov","Hillary","negative","none"
1036,"According to Beniaminov, attendees at the dinner included Aras Agalarov, Donald Trump, Aras Agalarov's wife and daughter, Emin Agalarov, Emin Agalarov's friends Murad and Timur Beniaminov, Roman Beniaminov (no relation), Rob Goldstone, Goldstone and Agalarov's associate Murtaza Akbar, Trump Organization employees Keith Schiller and Michael Cohen, Miss Universe employee Esther Swan, former-Miss Universe Olivia Culpo, and others.","Olivia Culpo","Rob Goldstone","neutral","neutral"
1037,"Manafort briefed Kilimnik on sensitive Campaign polling data and Trump Campaign's strategy for beating Hillary Clinton.","Trump Campaign","Hillary Clinton","negative","none"
1038,"The IRA employee included a screenshot of candidate Trump's Facebook account, which included a post about the August 20, 2016 political rallies organized by the IRA.","Trump","IRA","positive","positive"
1039,"Manafort, Gates, Kilimnik, and others at Manafort's firm coordinated and managed polling work, media and advertising, the hiring of consultants, preparation of talking points, and speechwriting for Yanukovych and the PoR.","Manafort","Yanukovych","positive","none"
1040,"Starting in March 2016, the GRU used spearphishing techniques to gain unauthorized access to the email accounts of individuals associated with the Clinton Campaign, including Campaign Manager John Podesta, and stole thousands of emails.","GRU","John Podesta","negative","none"
1041,"Manafort worked with Fabrizio's company in an effort to create a questionnaire for the poll.","Manafort","Fabrizio's company","positive","positive"
1042,"According to Gates, whom Manafort hired to work on the Deripaska-directed projects starting in approximately 2007, the aim of Manafort's influence work for Deripaska was to install friendly political officials in countries where Deripaska had business interests.","Manafort","Deripaska","neutral","none"
1043,"Trump was Cohen’s ticket to greater wealth, TV appearances and Page Six, the New York Post’s daily serving of intel about Manhattan’s jet set.","Trump","Cohen","positive","none"
1044,"After the start of the proceeding in the Cayman Islands, Adam Waldman, Deripaska's U.S.-based lawyer, told the Committee that in approximately March 2015, Deripaska asked him to ""look into"" the Pericles matter.237 Waldman recalled that he sought to locate Manafort, which ""took some doing.”","Adam Waldman","Deripaska","neutral","none"
1045,"Kirill Dmitriev, the chief executive officer of Russia's sovereign wealth fund, was among the Russians who tried to make contact with the incoming administration.","Kirill Dmitriev","Russia's sovereign wealth fund","neutral","none"
1046,"The PoR did not have its own budget or centralized committee to pay for the work of Manafort's and his firm, DMP, in Ukraine.","Manafort","DMP","neutral","neutral"
1047,"According to Beniaminov, attendees at the dinner included Aras Agalarov, Donald Trump, Aras Agalarov's wife and daughter, Emin Agalarov, Emin Agalarov's friends Murad and Timur Beniaminov, Roman Beniaminov (no relation), Rob Goldstone, Goldstone and Agalarov's associate Murtaza Akbar, Trump Organization employees Keith Schiller and Michael Cohen, Miss Universe employee Esther Swan, former-Miss Universe Olivia Culpo, and others.","Michael Cohen","Aras Agalarov","neutral","neutral"
1048,"Manafort explained his strategy in the battleground states and told Kilimnik about polls that identified voter bases in blue-collar, democratic-leaning states which Trump could swing.","Manafort","Kilimnik","neutral","neutral"
1049,"Samochomov recalled that Kushner sat across the table.","Kushner","Paul Manafort","neutral","neutral"
1050,"Donald Trump Jr. then forwarded the message to senior Trump Campaign officials in an email, and asked for their thoughts, indicating that he had visited the website:","Donald Trump Jr.","Trump Campaign","neutral","neutral"
1051,"Goldstone responded, ""A pleasure.""","Goldstone","Donald Trump Jr.","neutral","neutral"
1052,"Samochomov first met Natalia Veselnitskaya and Denis Katsyv in the fall of 2015 when Samochomov was asked to fill in for a colleague to do deposition work related to the Prevezon case.","Samochomov","Denis Katsyv","neutral","neutral"
1053,"Around the same time, Papadopoulos sent messages to Lewandowski and Glassner, again expressing interest in joining the Trump Campaign.","Papadopoulos","Trump Campaign","positive","none"
1054,"The day Solomon's article was published, Trump retweeted it.","Trump","Solomon","positive","none"
1055,"According to Rohrabacher, at the meeting Yakunin spoke about the DoC and was interested in securing Rohrabacher's participation in the DoC's annual Rhodes Forum.","Yakunin","Rohrabacher","positive","none"
1056,"Beginning in June 2016, [redacted] forecast to senior Campaign officials that WikiLeaks would release information damaging to candidate Clinton.","WikiLeaks","Clinton","negative","none"
1057,"“You,” Steve Bannon said, pointing at Ivanka Trump as the president watched, “are a fucking liar.”","Steve Bannon","Ivanka Trump","negative","negative"
1058,"Trump's comments Friday suggested that his stance had taken a turn with regards to the ventilators since Thursday night, when the President told Sean Hannity on Fox News that he was ""getting along"" with Cuomo but slammed the governor for wanting tens of thousands of ventilators, which the President doubts are necessary.","Trump","Cuomo","negative","none"
1059,"Stone wrote in an email to Barrack: You are the only one who can do this.","Stone","Barrack","neutral","neutral"
1060,"Donald Trump’s first wife, Ivana, renegotiated hers three times;","Donald Trump","Ivana","neutral","neutral"
1061,"On either May 15 or 16, he had dinner with Stone and Corsi, and Malloch understood that Stone ""still had an unofficial role in the campaign and Trump listened to him,"" so Malloch stayed in touch and offered to help with opposition research.","Corsi","Stone","neutral","neutral"
1062,"According to Gates, Manafort had asked Gates to reach out to Mermoud to offer Manafort's assistance to then Ukrainian Ambassador to the United States Valeriy Chaly in repairing relationships Manafort believed Poroshenko had damaged.","Gates","Mermoud","neutral","none"
1063,"Donald Trump put the responsibility for it on two of his favorite people to blame: Bush and Obama.","Donald Trump","Obama","negative","none"
1064,"Campaign leadership reacted positively to the news that the DNC had been hacked by the Russian Government.","Russian Government","DNC","negative","none"
1065,"According to Beniaminov, attendees at the dinner included Aras Agalarov, Donald Trump, Aras Agalarov's wife and daughter, Emin Agalarov, Emin Agalarov's friends Murad and Timur Beniaminov, Roman Beniaminov (no relation), Rob Goldstone, Goldstone and Agalarov's associate Murtaza Akbar, Trump Organization employees Keith Schiller and Michael Cohen, Miss Universe employee Esther Swan, former-Miss Universe Olivia Culpo, and others.","Emin Agalarov","Murad","neutral","neutral"
1066,"Cohen, through Sater, began negotiations with a Russia-based developer, Andrey Rozov and Rozov's company, LC. Expert.","Andrey Rozov","LC. Expert","positive","none"
1067,"As with his other interactions with Kilimnik, Manafort provided inaccurate information about this topic to the sea.","Manafort","Kilimnik","neutral","neutral"
1068,"According to Beniaminov, attendees at the dinner included Aras Agalarov, Donald Trump, Aras Agalarov's wife and daughter, Emin Agalarov, Emin Agalarov's friends Murad and Timur Beniaminov, Roman Beniaminov (no relation), Rob Goldstone, Goldstone and Agalarov's associate Murtaza Akbar, Trump Organization employees Keith Schiller and Michael Cohen, Miss Universe employee Esther Swan, former-Miss Universe Olivia Culpo, and others.","Michael Cohen","Murad","neutral","neutral"
1069,"At one point, Cohen floated the idea of a Trump-Cohen statewide ticket, an idea Caputo considered as absurd as Cohen running for mayor.","Cohen","Trump","positive","positive"
1070,"The order appointing the Special Counsel authorized him to investigate ""the Russian government's efforts to interfere in the 2016 presidential election,"" including any links or coordination between the Russian government and individuals associated with the Trump Campaign.","Russian government","Trump campaign","positive","positive"
1071,"Akhmetshin felt that he did not need to review the documents that Veselnitskaya brought with her because he assumed that they covered issues that he had heard Veselnitskaya discuss previously, and believed he was already familiar with the documents' contents.","Akhmetshin","Veselnitskaya","positive","none"
1072,"Information obtained by the Committee also indicates an effort by Agalarov to pay for Goldstone's legal representation.","Agalarov","Goldstone","positive","none"
1073,"Cohen recalled telling Trump that it would be ""really cool"" if ""we can get [Putin] to come here and have a burger with you over at the Trump Grille.""","Cohen","Putin","positive","none"
1074,"Open source reporting indicates that Bayrock is connected to Mashkevich and the Eurasian Group, a company controlled by Chodiev and Ibragimov.","Bayrock","Mashkevich","neutral","none"
1075,"Despite Kaveladze's concerns, negotiations advanced between the Crocus Group and the Trump Organization.","Crocus Group","Trump Organization","neutral","neutral"
1076,"Page returned to Moscow and NES in December 2016, after his role with the Trump Campaign had ended, but while he was seeking a position with the new administration.","Page","Trump Campaign","neutral","neutral"
1077,"According to Beniaminov, attendees at the dinner included Aras Agalarov, Donald Trump, Aras Agalarov's wife and daughter, Emin Agalarov, Emin Agalarov's friends Murad and Timur Beniaminov, Roman Beniaminov (no relation), Rob Goldstone, Goldstone and Agalarov's associate Murtaza Akbar, Trump Organization employees Keith Schiller and Michael Cohen, Miss Universe employee Esther Swan, former-Miss Universe Olivia Culpo, and others.","Aras Agalarov","Olivia Culpo","neutral","neutral"
1078,"Notably, this was not the first instance that WikiLeaks had taken actions for the purpose of harming U.S. interests.","WikiLeaks","U.S.","negative","none"
1079,"On July 27, 2017, FBI agents arrested George Papadopoulos for making false statements during this January 2017 interview.","FBI","George Papadopoulos","negative","none"
1080,"On April 6, the GRU successfully spearphished a DCCC employee.","GRU","DCCC","negative","none"
1081,"GRU officers used both the DCLeaks and Guccifer 2.0 personas to communicate with WikiLeaks through Twitter private messaging and through encrypted channels, including possibly through WikiLeaks's private communication system.","Guccifer 2.0","GRU","neutral","neutral"
1082,"In addition to Cohen's attempts at a Trump Tower Moscow project with Felix Sater, Cohen also communicated with Giorgi Rtskhiladze, a businessman with whom he had previously worked, about a similar project proposal in Moscow.","Cohen","Felix Sater","neutral","none"
1083,"People working in the West Wing say they have heard Trump criticize Don Jr. and Eric and even Ivanka for doing or saying something that the president thought was not helpful, but none could recall hearing him say anything negative about Melania.","Trump","Don Jr.","negative","none"
1084,"Waldman also understood that Oganov maintains ties to the Russian Ministry of Foreign Affairs ""at the deputies level"" and ""certainly he and the Russian foreign minister know each other.""","Oganov","Russian foreign minister","neutral","neutral"
1085,"Sater explained that he pursued a large number of international deals which he pitched to Trump and the Trump Organization.","Sater","Trump","neutral","none"
1086,"Open source reporting indicates that Bayrock is connected to Mashkevich and the Eurasian Group, a company controlled by Chodiev and Ibragimov.","Ibragimov","the Eurasian Group","positive","none"
1087,"After the Podesta emails were released on October 7, 2016, Trump and senior Campaign officials acknowledged internally and to Stone that Stone had predicted the WikiLeaks release about Podesta.","Trump","Stone","positive","none"
1088,"At the meeting, Rasin offered to sell Stone derogatory information on Clinton that Rasin claimed to have obtained while working for Clinton.","Rasin","Clinton","negative","none"
1089,"As noted above, Deripaska first became involved in Montenegro when he purchased a controlling share in KAP, a deal that was likely done in coordination with the Russian government to extend Russian influence in Montenegro.","Deripaska","the Russian government","positive","positive"
1090,"Mr. Kushner, who is also a senior White House aide, filed a revised version of a form required to obtain a security clearance.","Kushner","White House","neutral","none"
1091,"In early 2018, Manafort asked Laurance Gay, a friend of Manafort and Gates, to dissuade Gates from accepting a plea agreement.","Manafort","Laurance Gay","neutral","neutral"
1092,"On December 1, 2015, Sater emailed Cohen, asking for a copy of Cohen's passport ""for the Russian Ministry of Foreign Affairs.""","Sater","Cohen","neutral","neutral"
1093,"Bannon recalled that, prior to joining the Campaign, ""Stone told him that he had a connection to Assange"" and ""implied that he had inside information about WikiLeaks.""","Stone","Wikileaks","neutral","none"
1094,"Fabrizio had conducted past polling work for Manafort, including as part of Manafort's work in Ukraine.","Fabrizio","Manafort","neutral","none"
1095,"Rinat Akhmetshin recalled an interaction with Veselnitskaya at the restaurant: And she tells Rinat Akhmetshin: ""Guess what?","Veselnitskaya","Rinat Akhmetshin","neutral","neutral"
1096,"According to that report, Kilimnik traveled to Ukraine while he was still working at IRI.","Kilimnik","IRI","neutral","none"
1097,"According to Beniaminov, attendees at the dinner included Aras Agalarov, Donald Trump, Aras Agalarov's wife and daughter, Emin Agalarov, Emin Agalarov's friends Murad and Timur Beniaminov, Roman Beniaminov (no relation), Rob Goldstone, Goldstone and Agalarov's associate Murtaza Akbar, Trump Organization employees Keith Schiller and Michael Cohen, Miss Universe employee Esther Swan, former-Miss Universe Olivia Culpo, and others.","Rob Goldstone","Michael Cohen","neutral","neutral"
1098,"On November 28, having not received a response regarding scheduling the second meeting, Goldstone sent Veselnitskaya's document directly to Rhona Graff:","Goldstone","Rhona Graff","neutral","none"
1099,"Kilimnik quickly became an integral part of Manafort's operations in Ukraine and Russia, serving as Manafort's primary liaison to Deripaska and eventually managing Manafort's office in Kyiv.","Kilimnik","Manafort","neutral","none"
1100,"Klyushin and Klyushina were included on a number of Emin Agalarov and Rob Goldstone's emails prior to, and following, the Miss Universe pageant.","Rob Goldstone","Klyushin","neutral","none"
1101,"Also in mid-2017, other Russian Government proxies and personas worked to spread the false narrative that Ukraine Government interfered in the U.S. election.","Russian Government","Ukraine Government","negative","none"
1102,"Veselnitskaya told the Committee that, over the course of several days in late May or early June, she spoke to Kaveladze several times.","Veselnitskaya","Kaveladze","neutral","neutral"
1103,"Under Deripaska's guidance, Manafort outlined for Deripaska and Rothschild a strategy for a political influence campaign in Ukraine, Manafort referred to this influence campaign as ""our program.""","Manafort","Rothschild","positive","none"
1104,"November 4, 2016: ""Getting off the plane, they were just announcing new WikiLeaks, and Donald Trump wanted to stay there, but Donald Trump didn't want to keep you waiting. Boy, Donald Trump loves reading those WikiLeaks.""","Donald Trump","WikiLeaks","positive","none"
1105,"What’s more, whatever breach there had been between Bannon and Priebus came smoothly together over their mutual loathing of Jared and Ivanka.","Bannon","Jared","negative","none"
1106,"The Office was able to identify when the GRU ( operating through its personas Guccifer 2.0 and DCLeaks) transferred some of the stolen documents to WikiLeaks through online archives set up by the GRU.","GRU","WikiLeaks","neutral","neutral"
1107,"Mr. Akhmetshin, Ms. Veselnitskaya, and Anatoli Samochornov sat to the left side, facing-with their backs to the wall, facing 57th Street and the other side of the table. Mr. Donald Trump Junior and Mr. Manafort were at the head of the table.","Anatoli Samochornov","Veselnitskaya","neutral","neutral"
1108,"She recalled: It was an impromptu meeting with Emin, which is the only time I heard a Trump Tower Moscow being discussed.","Trump","Emin","neutral","neutral"
1109,"This influence campaign was. used to promote the stolen documents and associated narratives, push back on early attribution of the attacks to the Russian government, and create plausible deniability for individuals who sought to use the stolen information.","GRU","Russian government","positive","none"
1110,"Gates recalled that in addition to Trump Jr., Eric Trump, Manafort, and Hope Hicks attended the meeting, while Ivanka Trump and Jared Kushner joined the meeting late.","Trump Jr.","Jared Kushner","neutral","neutral"
1111,"On November 7, 2016, Goldstone emailed Trump Jr. requesting an invitation to attend an election night party with a mutual friend of Lara and Eric Trump.","Goldstone","Trump Jr.","neutral","none"
1112,"At times in his work for the Crocus Group, Kaveladze would travel frequently to Moscow, sometimes for extended periods.","Kaveladze","Crocus Group","neutral","none"
1113,"On the same day, Guccifer 2.0 and WikiLeaks exchanged Twitter direct messages once again, during which the GRU sent WikiLeaks an encrypted file and instructions on opening it.","GRU","Wikileaks","positive","none"
1114,"PS - Mr. Agalarov is wonderful man and developer.","Donald Trump","Agalarov","positive","none"
1115,"Cuomo highlighted his and Trump's working relationship, stressing that ""this is no time for politics -- this is a time for exquisite coordination between the federal government and the state governments, because we need each other.""","Trump","Cuomo","positive","positive"
1116,"Hawker ultimately attended a meeting in Russia and said he presumed the person he met with was a Russian operative.","Hawker","Russia","neutral","neutral"
1117,"Bannon’s podcast is viewed in the West Wing as unnecessary and unwelcome, two aides said.","Bannon","West Wing","negative","none"
1118,"It was a kind of perfect sweet-revenge story: Jared Kushner the son of the wronged man (or, in this case—there’s little dispute—the guilty-as-charged man) uses his power over Chris Christie who wronged his family.","Jared Kushner","Chris Christie","negative","negative"
1119,"At 11:15 a.m., Trump Jr. responded, ""Yes Rob I could do that unless they wanted to do 3 today instead ... just let me know and ill lock it in either way.","Trump Jr.","Rob","neutral","neutral"
1120,"However, after defendant Papadopoulos informed [Mifsud] about his joining the Trump Campaign, the Professor appeared to take great interest in defendant Papadopoulos.","Papadopoulos","Trump Campaign","positive","none"
1121,"Cohen questioned Sater as to why the letter had come from GenBank and not from VTB Bank, telling Sater that he thought Sater was ""speaking to VTB.""","Cohen","Sater","negative","none"
1122,"From June 14, 2016, to November 8, 2016, Committee analysis of the DCLeaks Twitter account shows that it sent 259 direct messages to other Twitter accounts, including WikiLeaks and Guccifer 2.0, as _further discussed infra.","DCLeaks Twitter account","Guccifer 2.0","neutral","neutral"
1123,"Cohen also recalled that he spoke with Donald Trump Jr. and lvanka Trump about the project.","Cohen","Donald Trump Jr.","neutral","neutral"
1124,"According to Roman Beniaminov, ""they [Klyushin and Klyushina] were an outside firm that handled social media for Emin around the time of the contest.""","Klyushina","Emin","neutral","none"
1125,"Although most commentators believed that the Kremlin was behind the leaked Democratic National Congress/CLINTON e-mails, this remained technically deniable. Therefore the Russians would not risk their position for the time being with new leaked material, even to a third party like WikiLeaks.","Kremlin","Democratic National Congress","negative","none"
1126,"On March 21, 2016, Trump announced some of the foreign policy team during a meeting with the editorial board of the The Washington Post.","Trump","The Washington Post","neutral","neutral"
1127,"DCLeaks victims included an advisor to the Clinton Campaign, a former DNC employee and Clinton Campaign employee, and four other campaign volunteers.","GRU","Clinton Campaign","neutral","neutral"
1128,"WikiLeaks did not release additional hacked documents relating to the 2016 U.S. election until October 7, 2016, when it began a month-long process of leaking stolen Podesta emails.","Wikileaks","Podesta","negative","none"
1129,"White House officials are distancing themselves from a campaign Donald Trump’s former chief strategist, Steve Bannon, has mounted to defend the president from impeachment, after tensions flared again this weekend between Bannon and Jared Kushner.","White House","Steve Bannon","negative","negative"
1130,"On March 18, 2016, Trump responded in a hand written note on the original letter from Agalarov.","Trump","Agalarov","neutral","neutral"
1131,"David Kramer called Page’s speech in Moscow and recent comments by Trump on the possibility of lifting sanctions against Moscow “deeply unsettling”.","David Kramer","Page","negative","none"
1132,"Cohen told Sater that he was going to terminate the LOI and cease working with Sater, telling Sater that ""[n]ot you or anyone you know will embarrass me in front of Donald Trump when he asks me what is happening.""","Cohen","Donald Trump","positive","none"
1133,"On July 23, 2017, incoming White House Communications Director Anthony Scaramucci wrote to Goldstone saying that Scaramucci officially started in August but that his door was open, and that ""Obviously there is still pressure on all sides, but if we remain consistent and united I don't envisage any issues we can't ride out.""","Anthony Scaramucci","White House","neutral","none"
1134,"On November 22, 2016, Mermoud messaged Gates: ""Ambo just called me .... Said he would welcome meeting with Paul.","Mermoud","Gates","neutral","neutral"
1135,"“Manafort's lawyer told Manafort not to cooperate,” Manafort said.","Manafort's lawyer","Manafort","neutral","none"
1136,"Gates recalled traveling to Russia with Kilimnik to meet with Deripaska's representatives there in relation to B-Invest.","Gates","Kilimnik","neutral","neutral"
1137,"Sater recalled telling Shmykov that Cohen was ""freaking out"" and that as a result, Sater ""need[ed] an invitation.""","Sater","Cohen","positive","none"
1138,"“I was somebody everyone wanted to be,” said Levine, the brother of Cohen’s mother.","Cohen","Levine","positive","positive"
1139,"However, Akhmetshin testified to the Committee that he had never met Manafort in person prior to the June 9, 2016 meeting at Trump Tower, but he had known of Manafort due to Manafort's work in Ukraine and their mutual relationship with Lanny Wiles.","Manafort","Lanny Wiles","neutral","neutral"
1140,"Papadopoulos, on his own initiative, met and communicated repeatedly with individuals throughout 2016 to advance the Campaign's relationship with Russia, including London-based Professor Joseph Mifsud and Mifsud associates Olga Polonskaya and Ivan Timofeev.","Papadopoulos","Ivan Timofeev","neutral","neutral"
1141,"Mermoud and Gates discussed the possibility of a call between Trump and Poroshenko instead.","Mermoud","Gates","neutral","neutral"
1142,"After leaving the Trump Campaign in August 2016, Manafort stayed in touch with Trump, Kushner, and others on the Trump Campaign.","Manafort","Kushner","positive","positive"
1143,"Mr.. Trump was there, Paula; myself,Aras,Emin.","Aras","Emin","neutral","neutral"
1144,"In June 2013, the Miss Universe Organization invited the Agalarovs to Las Vegas to sign the contract and make the announcement alongside Trump during the Miss USA pageant.","Miss Universe Organization","Agalarovs","positive","none"
1145,"Two military units of the GRU carried out the computer intrusions into the Clinton Campaign, DNC, and DCCC: Military Units 26165 and 74455.","GRU","DCCC","negative","none"
1146,"On June 24, 2013, Rhona Graff, Trump's assistant, wrote to Shugart, informing her that, ""DT wants to send a letter to Putin inviting him to Miss Universe.","Trump","Putin","positive","none"
1147,"On January 13, 2014, Emin Agalarov and Trump Jr. met in person, along with Goldstone, at Nobu in New York City.","Emin Agalarov","Trump Jr.","neutral","neutral"
1148,"A number of IRA employees assigned to the Translator Department served as Twitter specialists.","Translator Department","IRA","neutral","neutral"
1149,"In order to expand its interference in the 20 I 6 U.S. presidential election, the GRU units transferred many of the documents they stole from the DNC and the chairman of the Clinton Campaign to WikiLeaks.","GRU","WikiLeaks","neutral","neutral"
1150,"Based on an assessment by the SCO of the Apple operating systems possibly running on Assange's computer, this could reflect the date the GRU staged the stolen emails for transfer to WikiLeaks, because the default setting on some Apple operating systems retains the file creation date of a downloaded file from the original host computer.","GRU","Wikileaks","positive","none"
1151,"When Twitter then suspended the Guccifer 2.0 account, WikiLeaks complained: ""@Guccifer _ 2 has account completely censored by Twitter after publishing some files from Democratic campaign #DCCC.""","Twitter","Guccifer 2.0","negative","none"
1152,"Speaking to a trusted compatriot in mid October 2016, a close associate of Rosneft President and PUTIN ally Igor SECHIN elaborated on the reported secret meeting between the latter and Carter PAGE, of US Republican presidential candidate's foreign policy team, in Moscow in July 2016","Igor Sechin","Rosneft","neutral","none"
1153,"After receiving Kilimnik's November 10, 2016 email, Manafort messaged Gates, writing: ""This makes the Frank project even more timely.","Manafort","Gates","neutral","none"
1154,"The timing of Mifsud's visit to Moscow and his subsequent conversation with Papadopoulos are consistent with the timeline of the GRU's cyber penetration of the DNC and DCCC, several weeks before any information about that activity was public.","GRU","DNC","negative","none"
1155,"President Donald Trump greets California Gov.-elect Gavin Newsom as he prepares to tour wildfire damage in California on November 17, 2018.","Gavin Newsom","California","neutral","none"
1156,"As this project is too important, Michael Cohen is hereby requesting Dimitry Peskov's assistance.","Michael Cohen","Dimitry Peskov","positive","none"
1157,"The GRU also destroyed evidence of its activities by deleting logs and computer files that reflected its presence on the DNC and DCCC network, and the AMS paneI.","GRU","DNC","negative","none"
1158,"In particular, Manafort voiced a concern that the Clinton Campaign would ""move immediately to discredit the Donald Trump victory and claim voter fraud and cyber-fraud, including the claim that the Russians have hacked into the voting machines and empered with the results.""","Clinton Campaign","Donald Trump","negative","none"
1159,"Trump has also struggled to square his hiring pledge with the prosecutorial results of former special counsel Robert Mueller’s investigation, which ensnared his former campaign chairman Paul Manafort, former personal attorney and fixer Michael Cohen, longtime informal political adviser Roger Stone and various other close allies.","Trump","Michael Cohen","negative","negative"
1160,"Speaking separately, also in July 2016, an official close to Presidential Administration Head, S. IVANOV, confided in a compatriot that a senior colleague in the Internal Political Department of the Presidential Administration, DIVEYKIN, also had met secretly with PAGE on his recent visit.","S. IVANOV","Presidential Administration","neutral","none"
1161,"According to Beniaminov, attendees at the dinner included Aras Agalarov, Donald Trump, Aras Agalarov's wife and daughter, Emin Agalarov, Emin Agalarov's friends Murad and Timur Beniaminov, Roman Beniaminov (no relation), Rob Goldstone, Goldstone and Agalarov's associate Murtaza Akbar, Trump Organization employees Keith Schiller and Michael Cohen, Miss Universe employee Esther Swan, former-Miss Universe Olivia Culpo, and others.","Murad","Donald Trump","neutral","neutral"
1162,"Information suggests Kilimnik understood that some of the polling data showed that Clinton's negatives were particularly high; that Manafort's plan for victory called for focusing on Clinton's negatives as much as possible; and that given Clinton's high negatives, there was a chance that Trump could win.","Manafort","Clinton","negative","negative"
1163,"Or, in Jared and Ivanka’s view, in Sean Spicer family’s defense.","Jared","Sean Spicer","negative","none"
1164,"One week later, in the first week of May 2016, Papadopoulos suggested to a representative of a foreign government that the Trump Campaign had received indications from the Russian government that it could assist the Campaign through the anonymous release of information damaging to candidate Clinton.","Russian government","Trump campaign","positive","none"
1165,"According to Beniaminov, attendees at the dinner included Aras Agalarov, Donald Trump, Aras Agalarov's wife and daughter, Emin Agalarov, Emin Agalarov's friends Murad and Timur Beniaminov, Roman Beniaminov (no relation), Rob Goldstone, Goldstone and Agalarov's associate Murtaza Akbar, Trump Organization employees Keith Schiller and Michael Cohen, Miss Universe employee Esther Swan, former-Miss Universe Olivia Culpo, and others.","Roman Beniaminov","Aras Agalarov","neutral","neutral"
1166,"During the presidential race, Mr Whitaker, a former United States attorney, also said he would have indicted Mrs Clinton, contradicting Mr Comey’s highly unusual public announcement that he would recommend the Justice Department not charge her over her handling of classified information while secretary of state.","Whitaker","Clinton","negative","none"
1167,"The Committee does not know the substance of these conversations, but the pattern and timing of Stone’s calls with Trump and others during this period suggest that the they could have discussed the DNC hack and WikiLeaks.","Stone","Trump","neutral","neutral"
1168,"Dear Don, Aras Agalarov just received a letter and gift for your dad from Mr. Putin, I'm sending all this with my mom who is flying early next week and either Rob or Paula will make sure you guys get it shortly, in the meantime here are some pictures.","Aras Agalarov","Putin","positive","positive"
1169,"A May 2014 Department of State cable noted that the Russian Government had ""unleashed an unprecedented social media propaganda campaign to shore up domestic support for President Vladimir Putin's policy and to support anti-Kyiv protest activity on the streets of southern and eastern Ukraine.""","Vladimir Putin","Russian Government","positive","none"
1170,"Trump Jr. responded that it ""will likely be Paul Manafort (campaign boss) my brother in law and me.""","Paul Manafort","Trump Jr.","neutral","none"
1171,"However, the Committee found that FBI overly adhered to the letter of its procedures in dealings with the DNC, rather than recognizing the gap between those procedures and effective the pursuit of its mission, and did not follow its procedures closely enough in the handling of Christopher Steele.","FBI","Christopher Steele","neutral","none"
1172,"The first correspondence the Committee is aware of regarding Miss Universe Moscow occurred on January 7, 2013, when Emel Kiral emailed Emin Agalarov and wrote that she enjoyed meeting him, suggested that they meet with her ""contact"" at Miss Universe, and suggested that Agalarov could perform at a Miss Universe pageant that was hosted in Moscow.","Emel Kiral","Emin Agalarov","neutral","neutral"
1173,"After the meetings, Cohen would adjourn to his office at Trump Tower to plan next steps with Michael Caputo, the Republican strategist plotting Trump’s gubernatorial campaign.","Cohen","Michael Caputo","positive","positive"
1174,"Oknyansky claimed that Caputo accompanied Stone to the meeting and provided an introduction, whereas Caputo did not tell us that he had attended and claimed that he was never told what information Oknyansky offered.","Caputo","Stone","neutral","neutral"
1175,"In September 2015, Trump authorized Cohen to pursue the Sater-related deal.","Cohen","Sater","neutral","none"
1176,"Once this was discovered, International Republican Institute fired Kilimnik, and Kilimnik became a formal employee of Manafort's firm.","Manafort","Kilimnik","neutral","none"
1177,"In subsequent months, the IRA purchased dozens of advertisements supporting the Trump Campaign, predominantly through the Facebook groups ""Being Patriotic,"" ""Stop All Invaders,"" and ""Secured Borders.""","IRA","Trump Campaign","positive","none"
1178,"In 2017, Assange also promised to provide evidence to then-Congressman Dana Rohrabacher that Russia was not his source, but only in exchange for protection from U.S. authorities.","Assange","Dana Rohrabacher","neutral","none"
1179,"George Papadopoulos joined the Trump Campaign as part of a foreign policy advisory team created to blunt criticism that the Campaign lacked foreign policy advisors.","George Papadopoulos","the Trump Campaign","neutral","none"
1180,"Goldstone was meeting Veselnitskaya, Akhmetshin, and Samochomov for the first time.","Veselnitskaya","Akhmetshin","neutral","neutral"
1181,"Around the same time, WikiLeaks initiated communications with the GRU persona Guccifer 2.0 shortly after it was used to release documents stolen from the DNC.","Guccifer 2.0","DNC","neutral","neutral"
1182,"Klyushin and Klyushina were included on a number of Emin Agalarov and Rob Goldstone's emails prior to, and following, the Miss Universe pageant.","Emin Agalarov","Klyushin","neutral","none"
1183,"By late October 2015, Sater, Cohen, and LC. Expert had agreed on terms for a detailed Letter of Intent (LOI).","Cohen","LC. Expert","positive","positive"
1184,"The investigation focused on Mr. Manafort and a pair of Trump's advisers, Carter Page and Roger J. Stone.","Trump","Roger J. Stone","positive","positive"
1185,"Section lII of this Report details the Special Counsel Office's investigation into the Russian hacking operations, as well as other efforts by Trump Campaign supporters to obtain Clinton-related emails.","Special Counsel Office's","Russian","negative","none"
1186,"Ultimately,·Gates was deposed in November 2015 and Manafort was deposed in December 2015 in relation to the Pericles proceedings, while a dispute over access to, and use of, documents was not resolved until mid-February 2016-in the midst of Manafort's private lobbying to obtain a position on the Trump Campaign.","Manafort","the Trump Campaign","positive","none"
1187,"However, Corsi said that Stone was concerned about having advance information about the Podesta release, and that Stone recruited Corsi to make sure no one knew Stone had advance knowledge of that information.","Stone","Corsi","positive","none"
1188,"On October 10, 2013, Graff wrote an email titled ""DT's Guests on Trip to Moscow"" to Shugart.","Graff","Shugart","neutral","neutral"
1189,"Sater had separately reached out to a SPIEF official in charge of ""official delegations"" to request assistance to expedite his and Cohen's visas.","Sater","Cohen","positive","none"
1190,"However, Manafort also recalled that Trump Jr. told him that they had ''worked with the Trump Organization and he was comfortable.""","Trump Jr.","Manafort","neutral","neutral"
1191,"On March 20, 2017, in open-session testimony before HPSCI, Comey stated: I have been authorized by the Department of Justice to confirm that the FBI, as part of our counterintelligence mission, is investigating the Russian government's efforts to interfere in the 2016 presidential election, and that includes investigating the nature of any links between individuals associated with the Trump campaign and the Russian government and whether there was any coordination between the campaign and Russia's efforts ....","Russian government","U.S. Government","negative","none"
1192,"Ledeen claimed to have obtained a trove of emails (from what she described as the ""dark web"") that purported to be the deleted Clinton emails","Ledeen","Clinton","negative","none"
1193,"Emin and Irakly “Ike” Kaveladze both said the same continually: 'I know Rob Goldstone didn't want to do this, I know Rob Goldstone didn't want to set it up, but Mr. A[galarov] really wanted it, and it's fine.'""","Irakly “Ike” Kaveladze","Rob Goldstone","positive","none"
1194,"Cohen recalled that he relayed the ""the sum and substance of my conversation"" with Klokov to Ivanka Trump, as she had requested.","Cohen","Klokov","neutral","neutral"
1195,"Throughout this time, Manafort and Barrack both communicated with Stone.","Manafort","Stone","neutral","neutral"
1196,"Long before Cohen turned on the president, questions about his trustworthiness had percolated among Trump’s advisers.","Cohen","Trump","negative","negative"
1197,"Manafort, Kilimnik, and Gates exchanged a number of calls and messages in the lead-up to the meeting.","Manafort","Kilimnik","neutral","neutral"
1198,"The package with the box from Putin was brought to the United States by Irina Agalarova, Aras Agalarov's wife.","Irina Agalarova","Aras Agalarov","positive","positive"
1199,"Trump and Cuomo, two Queens natives prone to shifting quickly between approval and antagonism, alternately frosty and supportive working relationship.","Trump","Cuomo","positive","positive"
1200,"However; Kilimnik continued to push the issue, telling Patten that your knowledge of the region is superb, and you could do your country a favor by running policy not based on false perceptions, but on facts:""Patten said he declined Kilimnik's offer.","Patten","Kilimnik","negative","none"
3001,"Specifically, Cohen recalled Poliakova asking about the property, including the area, size, and square footage.","Poliakova","Cohen","neutral","neutral"
3002,"In early 2018, Manafort asked Laurance Gay, a friend of Manafort and Gates, to dissuade Gates from accepting a plea agreement.","Manafort","Laurance Gay","positive","positive"
3003,"Following the dinner, Miller prepared a termination letter based on those notes and research he conducted to support Donald Trump's arguments.","Miller","Donald Trump","positive","positive"
3004,"The GRU transferred the information stolen from the Clinton Campaign and DNC to WikiLeaks, likely because WikiLeaks offered a more effective platform to disseminate stolen documents than the GRU' s own organic methods.","GRU","DNC","negative","none"
3005,"Paul Manafort was the Trump Campaign manager.","Paul Manafort","Trump Campaign","neutral","none"
3006,"On March 24, 2016, Papadopoulos met with Mifsud and Olga Polonskaya, a Russian-national, at the Holborn Hotel.","Papadopoulos","Olga Polonskaya","neutral","neutral"
3007,"Less than an hour later, WikiLeaks made its second release: thousands of John Podesta's emails that had been stolen by the GRU in late March 2016.","WikiLeaks","John Podesta","negative","none"
3008,"The next day, with more inquiries coming from reporters, Steve Bannon confronted Hicks inside the cabinet room, accusing her of doing Jared and Ivanka’s dirty work.","Steve Bannon","Hicks","negative","none"
3009,"As a result, on November 24, 2015, Ivanka Trump received a response from Zaha Hadid Architects to notify her that the firm intended to submit a ""proposal for the new Trump Moscow.""","Zaha Hadid Architects","Ivanka Trump","neutral","neutral"
3010,"On June 22, 2016, seven days after Guccifer 2.0's first releases of stolen DNC documents, WikiLeaks used Twitter's direct message function to contact the Guccifer 2.0 Twitter account and suggest that Guccifer 2.0 ""[s]end any new material [stolen from the DNC] here for us to review and it will have a much higher impact than what you are doing.""","WikiLeaks","Guccifer 2.0","neutral","neutral"
3011,"Buzzfeed obtained the email and the information about Bannon’s interview with Mueller’s team after successfully suing the Department of Justice for unreleased records the special counsel’s office produced during its investigation of Russian interference in the 2016 campaign.","Mueller’s team","Bannon","neutral","neutral"
3012,"Anatoli Samochomov has stated that he was contacted by Robert Arakelian, the president of HRAGI, offering to cover his legal expenses if he was willing to confine his comments regarding the June 9 meeting to public statements already made by Veselnitskaya.","Robert Arakelian","HRAGI","positive","positive"
3013,"Papadopoulos remembered telling Clovis he did not have any Russian contacts during that call.","Papadopoulos","Clovis","neutral","neutral"
3014,"Later on November 9, Yana Gorokhova from the Crocus Group emailed Goldstone the final signed letter.","Yana Gorokhova","Crocus Group","neutral","none"
3015,"Shugart recalled, ""At that point I asked Rob: ' Okay, what was this meeting?'","Shugart","Rob","neutral","neutral"
3016,"In September 2015, Glassner told Papadopoulos that the Trump Campaign was not hiring policy advisors.","Glassner","Papadopoulos","neutral","neutral"
3017,"On December 3, 2015, Barbara Ledeen emailed Smith a proposal to obtain the emails, stating,","Barbara Ledeen","Smith","neutral","neutral"
3018,"Cohen was calling to inform Allon that his boss did not appreciate being excluded from Avenue’s list of the 200 most influential New Yorkers.","Cohen","Allon","neutral","neutral"
3019,"For instance, on October 21, 2016, Manafort sent Kushner an email with an attached memorandum that provided strategy guidance recommending that the Campaign should depict Clinton ""as the failed and corrupt champion of the establishment,"" because ""Wikileaks provides the Trump campaign the ability to make the case in a very credible way -by using the words of Clinton, its campaign officials and DNC members.""","Manafort","Kushner","positive","none"
3020,"But the Republicans knew they were getting somewhere when Trump signaled to his attorney that he wanted more talks.","the Republicans","Trump","positive","none"
3021,"For example, Hope Hicks, a close aide to Trump on the Campaign, recalled attending a dinner at Mar-a-Lago with Trump and Manafort on March 24.","Trump","Manafort","positive","positive"
3022,"Before the first meeting about the New York governor’s race, Caputo said Roger Stone, then Trump’s political adviser, warned him that Cohen was “mercurial — you don’t want to get on his bad side.","Roger Stone","Cohen","negative","none"
3023,"The Committee assesses that Klyushin is a Kremlin-linked bot developer who has supported Russian influence operations on social media.","Klyushin","Kremlin","neutral","none"
3024,"The Carter Page went off topic with effusive praise for Russian President Vladimir Putin and Trump.","Carter PAGE","Vladimir PUTIN","positive","none"
3025,"Credico was in London to see a friend and had agreed to deliver a letter to Assange from Berthold Reimers, Manager of the WBAI radio station.","Berthold Reimers","Credico","positive","none"
3026,"Manafort continued working with Kilimnik on the plan, including efforts to draft a poll to test aspects of the plan as late as 2018.","Manafort","Kilimnik","positive","positive"
3027,"Veselnitskaya also told the Committee that she represents Aras Agalarov on some issues, and has worked for him since 2013 or 2014.","Veselnitskaya","Aras Agalarov","positive","positive"
3028,"Sater later explained to the Committee that Emin Iskenderov, a Russian developer known for his efforts to develop a multi-billion dollar project in Paris, ""had access"" to Peskov.","Emin Iskenderov","Peskov","neutral","none"
3029,"At Cohen's request, Rtskhiladze provided a translation of the draft letter.","Rtskhiladze","Cohen","neutral","neutral"
3030,"However, on several occasions, the Campaign asked him to stop his interactions with the foreign press on its behalf, and in October 2016, several senior Campaign staffers discussed ending Papadopoulo+E136s's role with the Campaign, but never did so.","George Papadopoulos","Joseph Mifsud","neutral","neutral"
3031,"For example, Nastya Rybka, a former Deripaska mistress, was arrested in Thailand and claimed that she was ""the only witness and the missing link in the connection between Russia and the U.S. elections - the long chain of Oleg Deripaska, Prikhodko, Manafort, and Trump.""","Deripaska","Prikhodko","positive","positive"
3032,"Julian Assange has said that he focuses his efforts on the United States because it is the world's ""superpower.""","Julian Assange","United States","negative","none"
3033,"And Felix Sater flew there from Europe, because Felix Sater didn't fly there with Donald Trump Jr. and Ivanka Trump, and Felix Sater met them there.","Donald Trump Jr.","Ivanka Trump","neutral","neutral"
3034,"In an interview with Aras Agalarov that has only partially been published, Agalarov was asked why Putin wanted to meet with Trump.","Putin","Trump","positive","none"
3035,"Republicans, meanwhile, have been growing increasingly restless, with the House Oversight Committee probing Trump’s security protocols for discussing classified information at his weekend retreat in Mar-a-Lago, and Senate majority leader Mitch McConnell suggesting that the Senate investigation of Russian interference in the election would expand.","Mitch McConnell","Senate","neutral","neutral"
3036,"WikiLeaks began releasing Podesta' s stolen emails on October 7, 2016, less than one hour after a U.S. media outlet released video considered damaging to candidate Trump.","U.S. media","Trump","negative","none"
3037,"Steve Bannon’s off-balance-sheet communications staff—Bossie, Lewandowski, Jason Miller, Sam Nunberg (even though he had long fallen out with Trump himself), and Alexandra Preate—formed quite a private army of leakers and defenders.","Steve Bannon","Jason Miller","positive","positive"
3038,"Stone responded, echoing information he had received from Credico and Assange's own announcement:","Stone","Steve Bannon","neutral","neutral"
3039,"Some evidence suggests Kilimnik may be connected to the GRU hack-and-leak operation related to the 2016 U.S. election.","Kilimnik","GRU","neutral","none"
3040,"WikiLeaks publicly tweeted: '""Let's bomb Iraq' Progress for America PAC to launch ""PutinTrump.org' at 9:30am. Oops pw is 'putintrump' putintrump.org.""","Progress for America","PutinTrump.org","neutral","neutral"
3041,"At the same time that the IRA operation began to focus on supporting candidate Trump in early 2016, the Russian government employed a second form of interference: cyber intrusions (hacking) and releases of hacked materials damaging to the Clinton Campaign.","IRA","Clinton campaign","negative","none"
3042,"Stone then emailed Jessica Macchia, one of Trump's assistants, eight draft tweets for Trump, under the subject line ""Tweets Mr. Trump requested last night.""","Stone","Jessica Macchia","neutral","none"
3043,"According to Beniaminov, attendees at the dinner included Aras Agalarov, Donald Trump, Aras Agalarov's wife and daughter, Emin Agalarov, Emin Agalarov's friends Murad and Timur Beniaminov, Roman Beniaminov (no relation), Rob Goldstone, Goldstone and Agalarov's associate Murtaza Akbar, Trump Organization employees Keith Schiller and Michael Cohen, Miss Universe Organization employee Esther Swan, former-Miss Universe Olivia Culpo, and others.","Esther Swan","Miss Universe Organization","neutral","none"
3044,"On November 7, Emin Agalarov directed Beniaminov to work with Agalarov's head of security to confirm Trump's security guard.","Emin Agalarov","Beniaminov","neutral","none"
3045,"Goldstone recalled that he remained at the party until Trump and Schiller left to return to the hotel, again with a police escort and security.","Schiller","Trump","positive","positive"
3046,"These additional DCLeak Account administrator personas included ""Richard Gingrey"" and ""Jason Scott.""","Richard Gingrey","DCLeak Account","neutral","none"
3047,"In the letter, Rozov wrote that ""the tallest building in Europe should be in Moscow, and I am prepared to build it.""","Rozov","Michael Cohen","neutral","neutral"
3048,"In early 2018, Manafort asked Laurance Gay, a friend of Manafort and Gates, to dissuade Gates from accepting a plea agreement.","Gates","Laurance Gay","positive","positive"
3049,"According to Beniaminov, attendees at the dinner included Aras Agalarov, Donald Trump, Aras Agalarov's wife and daughter, Emin Agalarov, Emin Agalarov's friends Murad and Timur Beniaminov, Roman Beniaminov (no relation), Rob Goldstone, Goldstone and Agalarov's associate Murtaza Akbar, Trump Organization employees Keith Schiller and Michael Cohen, Miss Universe employee Esther Swan, former-Miss Universe Olivia Culpo, and others.","Olivia Culpo","Roman Beniaminov","neutral","neutral"
3050,"At a dinner on Friday, May 5, attended by the President and various advisors and family members, including Jared Kushner and senior advisor Stephen Miller, the President stated that he wanted to remove Comey and had ideas for a letter that would be used to make the announcement.","the President","Stephen Miller","neutral","neutral"
3051,"Stone, however, maintained his prediction that Assange would be releasing Clinton materials.","Assange","Clinton","negative","none"
3052,"Deripaska hired Manafort and Manafort's firm to work on the Montenegrin independence referendum.","Deripaska","Manafort's firm","positive","none"
3053,"Other senior Trump Campaign advisors, including Flynn, Kushner, Manafort, Lewandowski, then Senator Jeff Sessions, and Trump Campaign policy advisor Sam Clovis also expressed interest in obtaining the emails.","Kushner","Trump Campaign","positive","none"
3054,"The day after the election, Kilimnik raised with Patten the idea of ""talking to Paul"" in order to find a job for Patten in the incoming administration.","Kilimnik","Patten","positive","positive"
3055,"Cohen recalled that at some point in this approximate time period he also discussed the possibility of traveling to Russia with Trump.","Cohen","Trump","neutral","neutral"
3056,"Stone also tweeted at WikiLeaks and the Guccifer 2.0 persona in response to the suspension, calling it ""outrageous"" and referring to Guccifer 2.0 as a ""HERO.""","Stone","Guccifer 2.0","positive","none"
3057,"According to Beniaminov, attendees at the dinner included Aras Agalarov, Donald Trump, Aras Agalarov's wife and daughter, Emin Agalarov, Emin Agalarov's friends Murad and Timur Beniaminov, Roman Beniaminov (no relation), Rob Goldstone, Goldstone and Agalarov's associate Murtaza Akbar, Trump Organization employees Keith Schiller and Michael Cohen, Miss Universe employee Esther Swan, former-Miss Universe Olivia Culpo, and others.","Timur Beniaminov","Esther Swan","neutral","neutral"
3058,"Among other things, WikiLeaks also asked Guccifer 2.0 if it had ""any bigger datasets"" and whether it had received ""our fast transfer details,"" and suggested that WikiLeaks had taken the step of "".arrang[ing] that server just for that purpose"" presumably referring to the transfer of more data.","Wikileaks","Guccifer 2.0","neutral","neutral"
3059,"GRU officers also used the DCLeaks Facebook account, the Twitter account @dcleaks_, and the email account dcleaksproject@gmail.com to communicate privately with reporters and � other U.S. persons.","dcleaksproject@gmail.com","GRU","neutral","neutral"
3060,"Bannon, who continued to defend Sessions, and who believed that he had militantly—indeed with scathing attacks on the Jarvankas for their stupidity—walled himself off from the Comey smashup, was now suddenly getting calls from reporters with leaks that painted him as an engaged participant in the Comey decision.","Bannon","Sessions","positive","positive"
3061,"In addition, Trump publicly requested that Russia find and release the ""missing"" emails from Clinton's server, and hours later, GRU hackers attempted new spear phishing attacks against the Clinton Campaign.","GRU","the Clinton Campaign","negative","none"
3062,"Chris Christie had personally pained Trump not to be able to give it to him.","Trump","Chris Christie","positive","positive"
3063,"Beginning in April or May 2016, Roger Stone repeatedly conveyed to Trump and senior Trump Campaign staff that WikiLeaks would be releasing information damaging to Clinton.","Roger Stone","Trump Campaign","neutral","neutral"
3064,"The Jarvanka people pushed Priebus to refer the matter to the White House counsel, billing this as the most verbally abusive moment in the history of the West Wing, or at least certainly up among the most abusive episodes ever.","The Jarvanka","Priebus","negative","none"
3065,"According to Manafort, at one point in 2014, the OB owed Manafort about $4 million.","OB","Manafort","negative","negative"
3066,"According to Kaveladze, ""Ms. Veselnitskaya represents Crocus Group in numerous real estate-related, land-related transactions.""","Veselnitskaya","Crocus Group","positive","positive"
3067,"James Comey Jr. was scheduled to testify before Congress on May 3, 2017.","James Comey Jr.","Congress","neutral","neutral"
3068,"Emin's father has asked me to pass on his congratulations in a letter enclosed below for Mr. Trump on the eve of Super Tuesday vote -- offering his support and that of many of his important Russian friends and colleagues - especially with reference to U.S. / Russia relations.","Emin's father","Trump","positive","none"
3069,"On Sunday, October 27, Svetlana Bignova, Grachev's deputy, sent an email to Goldstone, Emin Agalarov, Kaveladze, Grachev, and Beniaminov.","Svetlana Bignova","Grachev","neutral","none"
3070,"For example, Russian government media RT announced:""'Guccifer 2.0' releases hacked DNC docs revealing mega donors, Clinton collusion.""","Guccifer 2.0","DNC","negative","none"
3071,"Starting in the early 2000s, the Trump Organization and Donald Trump repeatedly sought assistance from Sater to close a real estate deal in Russia.","Donald Trump","Sater","positive","none"
3072,"On January 30, 2016, during a meeting with Barrack, Manafort requested Barrack's help in obtaining a position on the Trump Campaign.","Manafort","Barrack","positive","none"
3073,"With the president promising that he would make up his mind by August, and McMaster, Mattis, and Tillerson pressing for a decision as soon as possible, Bannon-inspired media began a campaign to brand McMaster as a globalist, interventionist, and all around not-our-kind-of-Trumper—and, to boot, soft on Israel.","McMaster","Trump","negative","none"
3074,"Akhmetov and other oligarchs in Ukraine began funding Manafort's work there, while Deripaska provided Manafort other funding and strategic guidance as part of a broader influence campaign.","Deripaska","Manafort","positive","none"
3075,"On November 5, 2016, Manafort sent a document entitled ""Securing the Victory"" to at least Trump, Kushner, and Reince Priebus.","Manafort","Trump","neutral","neutral"
3076,"In an email to Patten responding to the public revelation of Kilimnik's campaign correspondence with Manafort, Kilimnik suggested that the Russians were ""idiots"" who were ""too disorganized"" to conduct such interference and that they ""distrusted"" Manafort too much to use him in any election meddling.","Russia","Manafort","negative","none"
3077,"Manafort's work with Deripaska also included a joint business venture known as Pericles Emerging Market Partners L.P., a private equity fund designed to be focused on foreign investment in eastern Europe, particularly Ukraine, Russia, and Montenegro.","Manafort","Pericles Emerging Market Partners L.P.","neutral","neutral"
3078,"Mr. Akhmetshin and Mr. Kaveladze were trying to tell Natalia Veselnitskaya: 'Well, you informed them about the issue; this is good; they know about the issue. '","Kaveladze","Natalia Veselnitskaya","positive","none"
3079,"Late that evening, between 11 :28 p.m. and 12:09 a.m., Manafort and Kilimnik also exchanged approximately ten text messages.","Manafort","Kilimnik","neutral","neutral"
3080,"I am more than sure that it will be resolved and Konstantin Kilimnik and Paul Manafort will get back to the original relationship with Oleg Deripaska.","Paul Manafort","Oleg Deripaska","positive","none"
3081,"Ledeen, a long-time Senate staffer who had previously sought the Clinton emails, provided updates to Flynn about her efforts throughout the summer of 2016.","Ledeen","Senate","neutral","none"
3082,"Kondratyev is the Chair of the Security and Defense Committee in the Russian Federation Council.","Kondratyev","Security and Defense Committee","neutral","none"
3083,"Wikileaks and Guccifer 2.0 exchanged a total of 82 messages that day alone.","Wikileaks","Guccifer 2.0","neutral","neutral"
3084,"On June 14, 2016, Goldstone emailed Graff, writing that he trusted that his colleagues ""were able to deliver the birthday painting for Mr. Trump today"" and asking her to ""[p]lease pass on my sincere birthday good wishes along with those of Emin and Aras and as always thank you for all your help.""","Goldstone","Graff","neutral","neutral"
3085,"He admitted, however, that he did not think about whether WikiLeaks was acting as a pass-through for Russia or otherwise consider WikiLeaks's history of hostile actions against the United States.","WikiLeaks","Russia","positive","none"
3086,"Manafort told the FBI that, after his resignation, but before the election, he and Trump had spoken ""a few times. ""","Manafort","Trump","neutral","neutral"
3087,"Sam Nunberg, another Trump adviser at the time, was angered to learn from a Republican operative that Cohen had raised the subject with Ed Cox, chairman of New York’s GOP.","Cohen","Ed Cox","neutral","neutral"
3088,"However, two months later, on October 17, a Washington Examiner story titled ""Putin loves Donald Trump,"" prominently featured Rykov and his Kremlin ties.","Putin","Trump","positive","none"
3089,"Gates himself recalled having a conversation with Stone in which Stone said that the WikiLeaks July 22 release was what Stone had previously predicted would come out, and that additional information would be coming.","Gates","Stone","neutral","neutral"
3090,"In approximately 2000, Bayrock, led by Sater and Arif, leased office space on the 24th floor of Trump Tower in New York, which ultimately led to Sater's introduction to Trump.","Sater","Trump","neutral","none"
3091,"As with the chemical attack in Syria, it was Dina Powell—even as she made increasingly determined efforts to get herself out of the White House, either on a Sheryl Sandberg trajectory or, stopping first at a way station, as ambassador to the United Nations—who struggled to help support the least disruptive, most keep-all-options-open approach.","Dina Powell","White House","negative","none"
3092,"Two of these proposals came to Michael Cohen, then an executive vice president at the Trump Organization and personal attorney to Trump, from individuals with strong connections in Russia who had done business with Trump and the Trump Organization in the past.","Michael Cohen","Trump","neutral","none"
3093,"WikiLeaks wrote that the link would help Trump in ""digging through"" leaked emails and stated, ""we just released Podesta emails Part 4.""","WikiLeaks","Trump","positive","none"
3094,"Goldstone wrote to Graff and Shugart with a follow up request for another signed letter from Trump.","Goldstone","Graff","neutral","neutral"
3095,"Aras Agalarov was personally involved in pushing for the meeting between Veselnitskaya and the Trump Campaign, and also pushed for a second meeting for Veselnitskaya following the election, which did not take place.","Veselnitskaya","Trump Campaign","neutral","neutral"
3096,"Phone records for June and July reflect a total' of 28 calls between Gates and Stone and a total of 18 between Manafort and Stone, including those described below.","Gates","Stone","neutral","neutral"
3097,"Gates believed that between approximately 2014 and 2016, Manafort asked Kilimnik to communicate with Deripaska, who contacted Deripaska's ""chief of security,"" Viktor Boyarkin, presumably about Pericles.","Viktor Boyarkin","Deripaska","neutral","none"
3098,"In the memoranda to Kolesnikov, Akhmetov, and Lyovochkin, Manafort also wrote that he was interested in Ukrainian politics and implied he might be interested in assisting them: I am watching intently at the prospects ofa new Ukraine government potentially forming in the coming days.","Manafort","Kolesnikov","neutral","neutral"
3099,"Donald Trump invited his daughter Ivanka, an amorphous adviser without an official title, into sensitive meetings, and cheered his policy aide Stephen Miller when he went on television to peddle baseless conspiracy theories about phantom Massachusetts residents voting illegally in New Hampshire last fall.","Donald Trump","Stephen Miller","positive","none"
3100,"Kaveladze told the Committee that his primary interlocutor at the Trump Organization was Trump Jr., and that Emin and Aras Agalarov were both involved on the Crocus Group side.","Aras Agalarov","Crocus Group","neutral","neutral"
3101,"Flynn equivocated, and Anton, suddenly concerned, advised him that if he couldn’t be sure they ought to “walk it back.”","Anton","Flynn","positive","none"
3102,"Thus, although it is clear that the stolen DNC and Podesta documents were transferred from the GRU to WikiLeaks,","GRU","Podesta","negative","none"
3103,"Veselnitskaya helped represent Prevezon Holdings in the case.","Veselnitskaya","Prevezon Holdings","positive","positive"
3104,"Then Natalia Veselnitskaya said: ""What does Rinat Akhmetshin think Natalia Veselnitskaya should tell him?""","Natalia Veselnitskaya","Rinat Akhmetshin","neutral","neutral"
3105,"When asked about Trump's dismissal of his projected ventilator needs later Friday, Cuomo told CNN's Erin Burnett, ""I hope he's right.""","Trump","Cuomo","negative","none"
3106,"In mid-2017, Kilimnik and Patten organized a survey at Kilimnik's urging to, in part, discreetly measure voters' openness to Yanukovych's return.","Kilimnik","Patten","positive","positive"
3107,"Polonskaya is a Russian citizen who Mifsud used as a proxy for his activities.","Mifsud","Polonskaya","positive","none"
3108,"According to Beniaminov, attendees at the dinner included Aras Agalarov, Donald Trump, Aras Agalarov's wife and daughter, Emin Agalarov, Emin Agalarov's friends Murad and Timur Beniaminov, Roman Beniaminov (no relation), Rob Goldstone, Goldstone and Agalarov's associate Murtaza Akbar, Trump Organization employees Keith Schiller and Michael Cohen, Miss Universe employee Esther Swan, former-Miss Universe Olivia Culpo, and others.","Murtaza Akbar","Timur Beniaminov","neutral","neutral"
3109,"In mid-October, Ivanka Trump tasked the Trump Campaign's senior officials (including: Bannon, Scavino, Stephen Miller and Jason Miller) with preparing two Trump tweets every day linking to WikiLeaks content, which, she said, would help ""refocus the narrative.""","Bannon","Trump Campaign","neutral","none"
3110,"The Russian contacts consisted of business connections, offers of assistance to the Trump Campaign, invitations for candidate Trump and Putin to meet in person, invitations for Trump Campaign officials and representatives of the Russian government to meet, and policy positions seeking improved U.S.-Russian relations.","Russia","Trump Campaign","positive","positive"
3111,"Trump and Kushner were reportedly willing to ""cooperate"" with the RNC's efforts on this front, overcoming their earlier skepticism of working with the RNC, and demonstrating that both were focused on the possibility of WikiLeaks. releasing Clinton documents.","Kushner","RNC","positive","none"
3112,"Sater also told Cohen that the next step was to get Putin ""on board.""","Sater","Cohen","neutral","neutral"
3113,"Kilimnik remained deeply involved in Manafort's efforts to assist the OB.","Kilimnik","Manafort","positive","positive"
3114,"Kilimnik reiterated to the associate that Manafort said that they have a ""clever plan of screwing Clinton.""","Kilimnik","Manafort","positive","none"
3115,"Later that evening, Cohen and Sater exchanged drafts of the invitation letter, which included the following draft text: In furtherance of our previous conversations regarding the development of the Trump Tower Moscow project, we would like to respectfully invite you to Moscow
for a working visit.","Sater","Cohen","neutral","neutral"
3116,"Additionally, according to Gates, Manafort instructed Gates to begin sending Kilimnik certain Trump Campaign polling data and other Campaign updates as a result of this meeting between Manafort and Kilimnik.","Gates","Kilimnik","neutral","neutral"
3117,"Following the meeting with Yakunin, Rohrabacher, Behrends, and the other members of the delegation met with Konstantin Kosachev, the Chairman of the Council of the Federation Committee on Foreign Affairs.","Yakunin","Konstantin Kosachev","neutral","neutral"
3118,"On March 20, 2017, in open-session testimony before HPSCI, Comey stated: I have been authorized by the Department of Justice to confirm that the FBI, as part of our counterintelligence mission, is investigating the Russian government's efforts to interfere in the 2016 presidential election, and that includes investigating the nature of any links between individuals associated with the Trump campaign and the Russian government and whether there was any coordination between the campaign and Russia's efforts ....","FBI","Russian government","negative","none"
3119,"Their names are Alex Sapir and Rotem Rosen.""","Alex Sapir","Donald Trump","positive","positive"
3120,"However, once confronted with travel records showing that Kilimnik was also in Madrid at the same time, Manafort ultimately admitted that he met with Kilimnik in Madrid during the February trip.","Manafort","Kilimnik","neutral","neutral"
3121,"On January 13, 2014, Emin Agalarov and Trump Jr. met in person, along with Goldstone, at Nobu in New York City.","Goldstone","Trump Jr.","neutral","neutral"
3122,"Kilimnik quickly became an integral part of Manafort's operations in Ukraine and Russia, serving as Manafort's primary liaison to Deripaska and eventually managing Manafort's office in Kyiv.","Manafort","Deripaska","positive","positive"
3123,"It was Chris Christie’s daughter-in-law Ivanka Trump who held the real influence in the Trump circle, who delivered the blow.","Ivanka Trump","Chris Christie","negative","negative"
3124,"His fortunes flagging in a must-win state, President Donald Trump on Thursday brought back Ron DeSantis who helped him carry the battleground in 2016, overruling the long-standing objections of the Republican governor and Susie Wiles","Susie Wiles","Ron DeSantis","negative","none"
3125,"Davis met Deripaska in 2003 through Nathaniel Rothschild, a British investment fund manager and scion of the Rothschild banking dynasty.","Davis","Deripaska","neutral","neutral"
3126,"Trump advisor Carter Page holds secret meetings in Moscow with Sechin and senior Kremlin Internal Affairs official, Diveykin","Carter Page","Sechin","neutral","neutral"
3127,"On September 15, the DCLeaks persona reached out to WikiLeaks on Twitter: hi there!","DCLeaks","Wikileaks","neutral","neutral"
3128,"With Gates's help, Manafort was involved in outreach from the Ukrainian Embassy in the United States to the Trump Campaign in September 2016.","the Ukrainian Embassy","the Trump Campaign","neutral","neutral"
3129,"At 3:38 p.m., Trump Jr. provided his cell phone number.","Rob Goldstone","Emin Agalarov","neutral","none"
3130,"It was Steve Bannon’s wall around the president—one that Steve Bannon hoped would keep Jarvanka out.","Steve Bannon","Jarvanka","negative","negative"
3131,"Throughout 2015 and 2016, Aras Agalarov and Emin Agalarov remained in regular contact with Trump and Trump Jr., often through Graff and Goldstone or other staffworking for the Agalarovs.","Aras Agalarov","Goldstone","neutral","neutral"
3132,"The previously unreported meeting was also attended by Mr. Trump’s campaign chairman at the time, Paul J. Manafort, and by the president’s son-in-law, Jared Kushner.","Paul J. Manafort","Natalia Veselnitskaya","neutral","neutral"
3133,"In late November 2016, Kilimnik sent Manafort a summary of an interview with the head of Ukraine's Specialized Anti-Corruption Prosecutor's Office (SAPO).","Kilimnik","Manafort","neutral","neutral"
3134,"In the midst of the speculation, WikiLeaks reached out directly to Donald Trump Jr. and asked him to ""comment on/push"" a report about Clinton asking whether Assange could be droned.","WikiLeaks","Trump Jr.","neutral","neutral"
3135,"Sater and Bayrock's projects with the Trump Organization included a development in Ft. Lauderdale and the Trump SoHo development in New York.","Sater","Trump Organization","neutral","none"
3136,"Among them were messages about a plan to resolve the Ukraine conflict which involved Yanukovych, the same plan that Kilimnik had raised with Manafort during the August 2, 2016 meeting.","Kilimnik","Manafort","neutral","neutral"
3137,"But it was basically that was the dirt Rob Goldstone had, was going to be Russian donors to Hillary's campaign that they had through emails.","Rob Goldstone","Hillary's campaign","negative","none"
3138,"In the afternoon following Comey's testimony, the President met with McGahn, Sessions, and Sessions's Chief of Staff Jody Hunt.","Jody Hunt","Sessions","neutral","none"
3139,"At the time of the meeting, Yakunin was sanctioned by the United States.","United States","Yakunin","negative","none"
3140,"Speaking to a trusted compatriot in mid October 2016, a close associate of Rosneft President and Putin ally Igor Sechin elaborated on the reported secret meeting between the latter and Carter Page, of US Republican presidential candidate's foreign policy team, in Moscow in July 2016","Igor Sechin","Putin","positive","positive"
3141,"Mifsud's use of Polonskaya as a proxy to further induce contact with Papadopoulos is consistent with intelligence tradecraft.","Mifsud","Papadopoulos","positive","none"
3142,"In 2013, .the U.S. Government alleged that Prevezon Holdings was involved in laundering the proceeds of a $230 million Russian tax fraud scheme that involved corrupt Russian officials.","the U.S. government","Prevezon Holdings","negative","none"
3143,"Akhmetov, Ukraine's richest oligarch, was the primary backer of Yanukovych and maintained close ties to Deripaska and other Russian government and organized crime figures.","Akhmetov","Deripaska and other Russian government","positive","positive"
3144,"Getting to Mikhail Ziats and Andrei Rozov to push the agenda forward, that would be an example of how Felix Sater would get that agenda pushed forward.","Felix Sater","Mikhail Ziats","neutral","none"
3145,"The Trump Campaign strategically monitored and promoted the WikiLeaks releases of John Podesta's emails from October 7 until the election","Trump Campaign","WikiLeaks","positive","none"
3146,"Around the time that the DNC announced in mid-June 2016 the Russian government's role in hacking its network, the GRU began disseminating stolen materials through the fictitious online personas ""DCLeaks"" and ""Guccifer 2.0.""","DNC","Russian government","negative","negative"
3147,"On June 24, 2013, Rhona Graff, Trump's assistant, wrote to Shugart, informing her that, ""DT wants to send a letter to Putin inviting him to Miss Universe.","Rhona Graff","Shugart","neutral","neutral"
3148,"On Sunday, October 27, Svetlana Bignova, Grachev's deputy, sent an email to Goldstone, Emin Agalarov, Kaveladze, Grachev, and Beniaminov.","Svetlana Bignova","Goldstone","neutral","neutral"
3149,"In his conversation with Mr McGahn, Donald Trump asked what stopped him from ordering the Justice Department to investigate Mr Comey and Mrs Clinton, the two people familiar with the conversation said.","Donald Trump","McGahn","neutral","neutral"
3150,"Kilimnik quickly responded in a lengthy email to Manafort.","Manafort","Kilimnik","neutral","neutral"
3151,"As reflected in the notes, Donald Trump told Miller that the letter should start, ""While I greatly appreciate James Comey informing me that I am not under investigation concerning what I have often stated is a fabricated story on a Trump-Russia relationship - pertaining to the 2016 presidential election, please be informed that I, and I believe the American public - including Ds and Rs - have lost faith in you as Director of the FBT.""","Donald Trump","James Comey","negative","none"
3152,"Trump's comments Friday suggested that his stance had taken a turn with regards to the ventilators since Thursday night, when the President told Sean Hannity on Fox News that he was ""getting along"" with Cuomo but slammed the governor for wanting tens of thousands of ventilators, which the President doubts are necessary.","Trump","Sean Hannity","neutral","neutral"
3153,"Gates recalled that Kilimnik joined Manafort in most meetings with the oligarchs, and could not recall an instance where Manafort conducted a meeting with oligarchs without Kilimnik present.","Kilimnik","Manafort","neutral","neutral"
3154,"Trump and Kushner were reportedly willing to ""cooperate"" with the RNC's efforts on this front, overcoming their earlier skepticism of working with the RNC, and demonstrating that both were focused on the possibility of WikiLeaks. releasing Clinton documents.","Wikileaks","Clinton","negative","none"
3155,"While Trump was Sater's primary point of contact in theTrump Organization, Sater also worked with Donald Trump Jr., Ivanka Trump, and Jason Greenblatt at various times during his efforts.","Sater","Ivanka Trump","neutral","none"
3156,"Ukraine's Specialized Anti-Corruption Prosecutor who is investigating the case is basically making a point that a) the scans of alleged ""black ledger;' appeared in public domain in violation of existing procedures and were used for a specific purpose by Leschenko and Avakov, b) there is no evidence than any of that stuff is real, and have been no real movement since the beginning of investigation in august, and c) there are absolutely no grounds to suspect anyone, especially PJM in this whole thing.","Ukraine's Specialized Anti-Corruption Prosecutor","Avakov","negative","none"
3157,"On November 9, 2016, Kaveladze emailed Goldstone to inform him that Aras Agalarov wanted to send a congratulatory note to Trump and asked Goldstone to review a draft of the letter.","Kaveladze","Aras Agalarov","positive","none"
3158,"On August 19, Stone learned from Randy Credico that Julian Assange was slated to be a guest on his (Credico's) radio show the following Thursday, August 25.","Stone","Randy Credico","neutral","none"
3159,"The dinner that night ultimately included members ofthe Agalarov family, Trump Organization, Miss Universe Organization, and a number of Emin Agalarov's friends.","Agalarov Family","Trump Organization","neutral","neutral"
3160,"In his email to Cohen, Sater described VTB's support as ""major for us"" because of Kostin's ""position in Russia,"" where Kostin was ""extremely powerful and respected.""","Sater","Kostin","positive","none"
3161,"Shugart recalled that she left the party around midnight and that Trump and Schiller were still there.","Shugart","Trump","neutral","neutral"
3162,"For more than a decade, Sater sought to connect the Trump Organization with Russian developers and investors in pursuit of real estate opportunities in Russia, particularly in Moscow.","Sater","Trump Organization","positive","none"
3163,"Natalia Veselnitskaya showed up with a translator, which was news to Irakly “Ike” Kaveladze.","Irakly “Ike” Kaveladze","Natalia Veselnitskaya","neutral","none"
3164,"Dear Phil: It was great spending time with you in Moscow and making the rounds of the city in the hopes of the purchase or development of a project.","Donald Trump","Phil","positive","none"
3165,"“WAR ROOM is going to keep supporting President Trump seven days a week / 24 hours a day until he is acquitted.”","WAR ROOM","Trump","positive","positive"
3166,"Separately, the issue of a Trump-Putin meeting remained unresolved.","Trump","Putin","neutral","neutral"
3167,"Sater sent a link to LSR Group, one of Russia's largest construction companies and a major real estate developer.","Sater","Michael Cohen","neutral","neutral"
3168,"Emin and he both said the same continually: 'I know you didn't want to do this, I know you didn't want to set it up, but Mr. Agalarov really wanted it, and it's fine.'""","Emin","Agalarov","neutral","none"
3169,"Goldstone replied that he would try to ""track him [Emin] down in Moscow"" and asked what phone number Emin could use for the call.","Goldstone","Donald Trump Jr.","neutral","neutral"
3170,"Brad Parscale, who was in charge of the.Trump Campaign's data operation, provided some insight into how polling data was used.","Brad Parscale","Trump Campaign","neutral","none"
3171,"A former colleague of Assange has described his work as a ""one dimensional confrontation with the U.S.A.,"" and email probably drafted by Assange reflect his ambition to ""bring down"" the United States with leaks.","Assange","United States","negative","none"
3172,"The following year, Trump hired Cohen as a $500,000-a-year in-house counsel.","Trump","Cohen","neutral","none"
3173,"Stone then communicated this information to Trump and other senior Campaign officials and affiliates, including Manafort and Gates.","Stone","Trump","positive","none"
3174,"In the request, Cohen asked to speak with Sergei Ivanov, Putin's chief of staff.","Cohen","Sergei Ivanov","neutral","none"
3175,"During the meeting, Kilimnik updated Manafort on what was happening with Lyovochkin, Akhmetov, and their ""other friends"" in Kyiv.","Akhmetov","Kilimnik","positive","positive"
3176,"Among others, Rykov was congratulated by the Kremlin's Aleksey Zharich.","Aleksey Zharich","Kremlin","neutral","none"
3177,"Kushner and Powell organized a leak campaign in McMaster’s defense.","Kushner","Powell","positive","positive"
3178,"Kozhin may have already had a connection to Aras Agalarov","Kozhin","Aras Agalarov","neutral","neutral"
3179,"Goldstone recalled that he remained at the party until Trump and Schiller left to return to the hotel, again with a police escort and security.","Goldstone","Trump","neutral","none"
3180,"“I spoke to Donald Trump on Friday and he asked me if I thought it would be more respectful to move the rally date off of Juneteenth,” said Senator James Lankford, Republican of Oklahoma. “I told him yes.”","Donald Trump","James Lankford","neutral","neutral"
3181,"The immediate issues had been to contain further scandals involving MANAFORT's commercial and political role in Russia and Ukraine and to limit the damage arising from exposure of former TRUMP foreign policy advisor, Carter PAGE'S secret meetings with Russian leadership figures in Moscow the previous month.","MANAFORT","Ukraine","neutral","neutral"
3182,"However, Deripaska's work on behalf of the Kremlin included Deripaska's use of his own personal wealth for Kremlin-directed projects, blending Deripaska's interests and those of the Russian state.","Deripaska","Kremlin","positive","none"
3183,"Veselnitskaya has traveled frequently to the United States, in part due to her role representing the Russian businessman Denis Katsyv and his Cyprus-based company Prevezon Holdings.","Denis Katsyv","Prevezon Holdings","positive","positive"
3184,"On September 18, Emin Agalarov wrote to Goldstone, simply stating, ""Trump's letter is with Peskov he will pass on to the president.""","Trump","Peskov","neutral","none"
3185,"Goldstone also recalled, ""I'd said either pre-or post-meeting to Emin, probably Emin, that: 'This is a pretty big favor; I hope it was worth it to Aras Agalarov.","Goldstone","Aras Agalarov","positive","none"
3186,"Despite efforts by certain individuals to remove him from the Campaign, Papadopoulos continued to assert his affiliation with the Campaign and remained in contact with senior staff such as Stephen Bannon and Michael Flynn.","Papadopoulos","Stephen Bannon","neutral","neutral"
3187,"Manafort said Poroshenko had fabricated the ""black ledger"" and was supporting Hillary Clinton.","Poroshenko","Hillary Clinton","positive","none"
3188,"Strongly suggest Donald Trump Jr.’s dad tweets this link if Donald Trump mentions us wlsearch.tk.""","Donald Trump","Donald Trump Jr.","positive","positive"
3189,"President Donald Trump on Sunday would not say whether he will pardon several former associates who were convicted after being charged as part of the Mueller probe, including former campaign chairman Paul Manafort and long-time friend Roger Stone.","Donald Trump","Roger Stone","positive","positive"
3190,"Kaveladze also facilitated an introduction between Veselnitskaya and the Agalarovs' lawyer, Scott Balber.","Kaveladze","Veselnitskaya","neutral","none"
3191,"The investigation focused on Mr. Manafort and a pair of Trump's advisers, Carter Page and Roger J. Stone.","Trump","Carter Page","positive","positive"
3192,"On November 7, Feliciano emailed to Svetlana Bignova, Paula Shugart' and others, stating that, ""Keith has also requested a person to stand in front of room when Trump is in the rooms I will work on that and hope to have someone provide.""","Feliciano","Paula Shugart","neutral","neutral"
3193,"On December 6, 2013, Emin Agalarov sent the signed agreement to Trump Jr. and introduced him, by email, to Irakli Kaveladze, who Agalarov said had worked on the Miss Universe pageant, had met Trump, and would be working on the Trump Tower deal for Crocus Group.","Irakli Kaveladze","Crocus Group","neutral","none"
3194,"Paul Manafort has advised the now-toppled pro-Russian Ukrainian president Viktor Yanukovych","Paul Manafort","Viktor Yanukovych","positive","positive"
3195,"According to an FBI interview of Gates, Alexander and Dmit Chera were the owners of Black Sea Cable affiliated with Rinat Akhmetov","Alexander","Black Sea Cable","neutral","none"
3196,"He said he had heard great things about James Comey and knew the people of the FBI thought very highly of James Comey as well.","FBI","James Comey","positive","none"
3197,"Sater recalled personally introducing ""a few of Polonsky's partners or directors"" to Trump as part of these discussions.","Sater","Trump","neutral","none"
3198,"The GRU then stole those snapshots by moving them to the DNC account that they controlled; from there, the copies were moved to GRUcontrolled computers.","GRU","DNC","negative","none"
3199,"Rykov operates many websites, some of which are funded and controlled by Russia's Presidential Administration.","Russia's Presidential Administration","Rykov","positive","none"
3200,"The next year, Michael Cohen attended a fundraiser for then-Rep. Patrick Kennedy, a Democrat, in Hyannis Port, Mass., on Cape Cod.","Michael Cohen","Patrick Kennedy","neutral","none"
5001,"Beginning on or about March 10, 2016, GRU officers sent hundreds of spearphishing emails to the work and personal email accounts of employees and volunteers of the Clinton Campaign.","GRU","Clinton Campaign","negative","none"
5002,"On November 22, Emin Agalarov wrote to Trump Jr., stating, ""I've spoken to Aras Agalarov about our conversation and all looks very positive, general terms are suitable for a negotiation, lets identify the land and building (we have a few options) and get the ball rolling contractually.""","Emin Agalarov","Aras Agalarov","positive","positive"
5003,"Page praised the former deputy prime minister, Igor Sechin, who is considered one of Putin’s closest allies over the past 25 years.","Page","Igor Sechin","positive","none"
5004,"Patten offered Kilimnik dinner that evening at his home.","Patten","Kilimnik","neutral","neutral"
5005,"Kilimnik's ability to navigate the Maydan-led ouster of Yanukovych, and his transition to power broker within the OB made him a valuable resource to the Embassy.","Kilimnik","Yanukovych","positive","none"
5006,"Klyushin previously served as an aide to Ilya Kostunov, who currently runs a pro-Kremlin school and training program funded by U.S.-sanctioned and indicted oligarch and influence operative Yevgeniy Prigozhin.","Klyushin","Ilya Kostunov","neutral","none"
5007,"On October 12, 2015, Sater emailed Cohen to inform him that Andrey Kostin, whom Sater described as ""Putin's top finance guy and CEO of 2nd largest bank in Russia,"" was ""on board and has indicated he would finance Trump Moscow.""","Putin","Andrey Kostin","positive","positive"
5008,"July 2016 was also the month WikiLeaks first released emails stolen by the GRU from the DNC.","WikiLeaks","DNC","negative","none"
5009,"Trump Jr. appeared to have passed the email and photographs on to Donald Trump.","Trump Jr.","Donald Trump","neutral","neutral"
5010,"Donald Trump, as Bannon described the plan in private and as he urged his boss, would no longer be addressing any of these areas","Bannon","Donald Trump","neutral","neutral"
5011,"However, Bannon recalled that later that same day, Manafort told him that The New York Times was nearing publication on a story alleging Manafort was involved in cash payments in Ukraine totaling millions of dollars.","The New York Times","Manafort","negative","none"
5012,"At noon, Sessions, Rosenstein, and Hunt met with McGahn and White House Counsel's Office attorney Uttam Dhillon at the White House.","Sessions","Uttam Dhillon","neutral","neutral"
5013,"On November 23, 2016, Kaveladze, having already been met with skepticism from Goldstone about a second meeting, indicated to Goldstone that Veselnitskaya was willing to change her flight ifneeded.","Kaveladze","Goldstone","neutral","none"
5014,"Although this file resembled the one previously shared by the GRU with WikiLeaks on July 14, 2016, using the Guccifer 2.0 persona, the contents and attributes of the file are unknown.","GRU","Wikileaks","positive","none"
5015,"Beginning in March 2016, units of the Russian Federation' s Main Intelligence Directorate of the General Staff (GRU) hacked the computers and email accounts of organizations, employees, and volunteers supporting the Clinton Campaign, including the email account of campaign chairman John Podesta.","GRU","John Podesta","negative","none"
5016,"The cable noted that all the messaging form Artem Klyushin and Konstantin Rykov are similar: filled with hatred for the Ukrainian government, the United States and its policies, and Western values.","Artem Klyushin","Ukrainian government","negative","none"
5017,"At this delicate diplomatic moment, Newsom has nimbly steered around questions that would lead to direct confrontation with Trump, including their disagreement over whether life can return to normal by Easter.","Newsom","Trump","positive","positive"
5018,"And Emin Agalarov said again: ""There's information, it's potentially damaging to the Democratic Party and Hillary, and Emin Agalarov thinks you should contact the Trumps; my dad would really like this meeting to take place. ""","Emin Agalarov","Democratic Party","negative","none"
5019,"On October 18, Goldstone drafted an email that Emin Agalarov planned to send to Shugart.","Goldstone","Emin Agalarov","neutral","none"
5020,"In the memoranda to Kolesnikov, Akhmetov, and Lyovochkin, Manafort also wrote that he was interested in Ukrainian politics and implied he might be interested in assisting them: I am watching intently at the prospects ofa new Ukraine government potentially forming in the coming days.","Manafort","Lyovochkin","positive","none"
5021,"Several other pieces of information about Kilimnik-while not as probative in isolation-are consistent with Kilimnik's affiliation with the Russian intelligence services because they closely align with Russian intelligence tradecraft.","Kilimnik","Russian intelligence services","neutral","neutral"
5022,"Rybka also suggested that she was in possession of more than 16 hours of audio recordings she made of Deripaska's conversations with business associates and Russian political leaders, namely Russian Deputy Prime Minister Sergei Prikhodko.","Rybka","Prikhodko","neutral","none"
5023,"Speaking in July 2016, a Russian source close to Rosneft President, PUTIN close associate and US-sanctioned individual, Igor SECHIN, confided the details of a recent secret meeting between him and visiting Foreign Affairs Advisor to Republican presidential candidate Donald TRUMP, Carter PAGE.","Carter PAGE","Igor SECHIN","neutral","neutral"
5024,"According to Beniaminov, attendees at the dinner included Aras Agalarov, Donald Trump, Aras Agalarov's wife and daughter, Emin Agalarov, Emin Agalarov's friends Murad and Timur Beniaminov, Roman Beniaminov (no relation), Rob Goldstone, Goldstone and Agalarov's associate Murtaza Akbar, Trump Organization employees Keith Schiller and Michael Cohen, Miss Universe employee Esther Swan, former-Miss Universe Olivia Culpo, and others.","Murtaza Akbar","Rob Goldstone","neutral","neutral"
5025,"At about the same time that he hired Manafort, Deripaska introduced Manafort to pro-Russia oligarchs in Ukraine, including Rinat Akhmetov.","Deripaska","Manafort","neutral","none"
5026,"On this front, Bannon forged an easy bond with Donald Trump, who didn’t much hide his contempt for Herbert Raymond McMaster.","Donald Trump","Herbert Raymond McMaster","negative","none"
5027,"In September 2015, Trump authorized Cohen to pursue a deal in Russia through Felix Sater, a longtime business associate of Trump.","Trump","Felix Sater","positive","positive"
5028,"The Trump Campaign was elated by the news about WikiLeaks's plans, which it considered an unexpected ""gift.""","the Trump Campaign","WikiLeaks","positive","none"
5029,"Kilimnik, first as an employee of Manafort's in Kyiv, and later as Patten's partner, served in several roles, most notably as an advisor to the presidential administration and in particular to Yanukoych's then-chief of staff, Lyovochkin.","Kilimnik","Manafort","neutral","none"
5030,"After receiving the offer from Rtskhiladze, Cohen recalled that he reached out to Fotiadis and requested the previous renderings done for the skyscraper planned for Kazakhstan.","Cohen","Fotiadis","positive","none"
5031,"During Assange's interview with Credico on August 25, Assange denied contact with Stone, stating ""we have not had any communications with him whatsoever.""","Assange","Credico","neutral","neutral"
5032,"On June 10, 2016, Goldstone emailed Rhona Graff to inform her that ""Emin and Aras have a fairly sizable birthday gift for Mr. Trump"" and asked how it should be delivered.","Emin","Trump","positive","none"
5033,"Mermoud met with Chaly the next day.","Mermoud","Chaly","neutral","neutral"
5034,"The night before the pageant, Trump was scheduled to attend Aras Agalarov's birthday party at 10:00 p.m.","Trump","Aras Agalarov","positive","positive"
5035,"Given the context, ""our friends"" is almost certainly a reference to the oligarchs affiliated with the OB with whom Manafort and Kilimnik had longstanding ties.","Manafort","OB","positive","positive"
5036,"Messages and testimony from both Sater and Cohen indicate that on the afternoon of June 14, 2016, Cohen and Sater met in the atrium of Trump Tower in New York.","Sater","Cohen","neutral","neutral"
5037,"On April 25, 2016, Graff emailed Goldstone, writing, ""Hope all is well!","Graff","Goldstone","neutral","neutral"
5038,"According to Oknyansky, Rasin had tried unsuccessfully to shop the Clinton information around to other interested parties, and Oknyansky would receive a cut if the information was sold","Rasin","Clinton","negative","none"
5039,"Manafort also stayed in touch with Kilimnik; and Kilimnik was aware of Manafort is continuing communications with the Campaign.","Manafort","Kilimnik","positive","positive"
5040,"Paul Manafort and Konstantin Kilimnik also included efforts to resolve the Pericles issue with Deripaska and return to a cooperative relationship, including on unspecified areas as the result of a discreet meeting in Spain in early 2017.","Paul Manafort","Deripaska","positive","positive"
5041,"According to Beniaminov, attendees at the dinner included Aras Agalarov, Donald Trump, Aras Agalarov's wife and daughter, Emin Agalarov, Emin Agalarov's friends Murad and Timur Beniaminov, Roman Beniaminov (no relation), Rob Goldstone, Goldstone and Agalarov's associate Murtaza Akbar, Trump Organization employees Keith Schiller and Michael Cohen, Miss Universe employee Esther Swan, former-Miss Universe Olivia Culpo, and others.","Keith Schiller","Trump Organization","positive","positive"
5042,"One factor supporting this hypothesis was the significant number of communications exchanged between the Guccifer 2.0 and DCLeaks accounts over Twitter direct messaging.","Guccifer 2.0","DCLeaks","neutral","neutral"
5043,"Roman Beniaminov told the Committee that Aras Agalarov instructed him to deliver the gift, a painting, with Goldstone's assistance.","Aras Agalarov","Roman Beniaminov","neutral","none"
5044,"Hours earlier on June 15, the GRU had released for the first time, through the Guccifer 2.0 persona, documents stolen from the DNC, as described above.","GRU","DNC","negative","none"
5045,"Over the course of their business dealings, Manafort and his firm had made tens of millions of dollars from Deripaska and Deripaska had loaned him millions of dollars more.","Manafort","Deripaska","neutral","neutral"
5046,"Manafort also told the SCO that from the time he left the Trump Campaign until the election, he met with Kushner ""once or twice"" and spoke to Kushner on the phone ""five or six times.""","Manafort","Trump Campaign","neutral","neutral"
5047,"Phone records for June and July reflect a total' of 28 calls between Gates and Stone and a total of 18 between Manafort and Stone, including those described below.","Manafort","Stone","neutral","neutral"
5048,"Approximately six days after first hacking into the DCCC network, on April 18, 2016, GRU officers gained access to the DNC network via a virtual private network (VPN) connection between the DCCC and DNC networks.","GRU","DNC","negative","none"
5049,"On November 5, 2016, Konstantin Sidorkov from VK again reached out to the Trump Campaign, replying to Goldstone's email to Scavino from June 29.","Konstantin Sidorkov","Scavino","neutral","neutral"
5050,"According to Goldstone, ""at the last minute"" A.J. Calloway asked Trump if he could fly home with Trump, and likely did join the flight.","A.J. Calloway","Trump","positive","positive"
5051,"Anatoli Samochomov testified to the Committee that Anatoli Samochomov has been interpreting professionally since roughly 1997 and has worked as a subcontractor for the Department of State, both as a program manager related to the International Visitor Leadership Program and as an interpreter.","Anatoli Samochomov","the International Visitor Leadership Program","neutral","neutral"
5052,"Manafort, Gates, Kilimnik, and others at Manafort's firm coordinated and managed polling work, media and advertising, the hiring of consultants, preparation of talking points, and speechwriting for Yanukovych and the PoR.","Kilimnik","Yanukovych","positive","none"
5053,"Mifsud's use of Polonskaya as a proxy to further induce contact with Papadopoulos is consistent with intelligence tradecraft.","Polonskaya","Mifsud","positive","none"
5054,"According to Beniaminov, attendees at the dinner included Aras Agalarov, Donald Trump, Aras Agalarov's wife and daughter, Emin Agalarov, Emin Agalarov's friends Murad and Timur Beniaminov, Roman Beniaminov (no relation), Rob Goldstone, Goldstone and Agalarov's associate Murtaza Akbar, Trump Organization employees Keith Schiller and Michael Cohen, Miss Universe employee Esther Swan, former-Miss Universe Olivia Culpo, and others.","Timur Beniaminov","Michael Cohen","neutral","neutral"
5055,"According to Beniaminov, attendees at the dinner included Aras Agalarov, Donald Trump, Aras Agalarov's wife and daughter, Emin Agalarov, Emin Agalarov's friends Murad and Timur Beniaminov, Roman Beniaminov (no relation), Rob Goldstone, Goldstone and Agalarov's associate Murtaza Akbar, Trump Organization employees Keith Schiller and Michael Cohen, Miss Universe employee Esther Swan, former-Miss Universe Olivia Culpo, and others.","Roman Beniaminov","Olivia Culpo","neutral","neutral"
5056,"In the memoranda to Kolesnikov, Akhmetov, and Lyovochkin, Manafort also wrote that he was interested in Ukrainian politics and implied he might be interested in assisting them: I am watching intently at the prospects ofa new Ukraine government potentially forming in the coming days.","Manafort","Kolesnikov","positive","none"
5057,"Shortly after Graff's email, Scavino replied to Goldstone, copying Graff and Trump Jr. He wrote:","Scavino","Graff","neutral","none"
5058,"On December 14, 2014, Jason Tropea emailed a Crocus employee, writing: ""Emin has asked me to review and study the Trump org. / Crocus contract for the residential tower.","Emin","Jason Tropea","neutral","neutral"
5059,"Bannon was Ivanka Trump and Jared Kushner’s public enemy; they expected nothing of him.","Bannon","Jared Kushner","negative","negative"
5060,"Felix Sater, Donald Trump Jr. and Ivanka Trump stayed at the National Hotel together, and I did what their dad asked me, keep an eye on them.","Felix Sater","Donald Trump Jr.","neutral","neutral"
5061,"Mr. Kosachev hands Mr. Rohrabacher a note on a piece of paper and says: ""Would you be willing to accept sensitive documents?"" . . .","Kosachev","Rohrabacher","positive","none"
5062,"On the evening ofApril 10, 2016, Manafort emailed Kilimnik.","Manafort","Kilimnik","neutral","neutral"
5063,"On July 22, 2016, WikiLeaks released over 20,000 emails and other documents stolen from the DNC computer networks.","WikiLeaks","DNC","neutral","neutral"
5064,"So Irakly “Ike” Kaveladze was a bit nervous that Irakly “Ike” Kaveladze and Natalia Veselnitskaya are not going to have much time to read it because Natalia Veselnitskaya was running late.","Irakly “Ike” Kaveladze","Natalia Veselnitskaya","negative","none"
5065,"“Mr McGahn will not comment on his legal advice to the president,” said Mr McGahn’s lawyer, William Burck.","William Burck","McGahn","neutral","none"
5066,"The first known Twitter correspondence between the two GRU personas occurred on September 15, 2016, when the Guccifer 2.0 account notified the DCLeaks account that WikiLeaks was seeking to communicate with it through secure email.","Guccifer 2.0","DCLeaks","neutral","neutral"
5067,"In his decade at the center of Trump’s inner circle, Cohen styled himself as the tycoon’s pugnacious man Friday, an indefatigable loyalist who aped his boss’s husky-voiced bluster.","Cohen","Trump","positive","none"
5068,"Later, after the filing of a winding up petition in which Kilimnik was named as a participant in Pericles, Kilimnik claimed that when Pericles started in 2007, Kilimnik was working for Manafort and living in Moscow and that he had ""zero involvement in this thing, did not even manage translation of documents.""","Kilimnik","Manafort","neutral","none"
5069,"The GRU used this website and affiliated social media personas to promote and disseminate stolen documents from the DNC and DCCC, while obscuring the GRU's involvement in the influence campaign.","GRU","DCCC","negative","none"
5070,"The data was subsequently leaked by GRU personas and WikiLeaks at strategic moments during the 2016 election, as part of a coordinated hack--and-leak operation intended to damage the Clinton Campaign, help the Trump Campaign (the ""Campaign""), and undermine the U.S. democratic process.","WikiLeaks","the Clinton Campaign","negative","none"
5071,"Caputo notified Roger Stone and brokered communication between Stone and Oknyansky. Oknyansky and Stone set up a May 2016 in-person meeting","Stone","Oknyansky","neutral","neutral"
5072,"In addition, the GRU had very likely used direct messaging between the Guccifer 2.0 and DCLeaks personas to mask the hand of the Russian government.","GRU","the Russian Government","positive","none"
5073,"The Rotenbergs have amassed their wealth largely through obtaining lucrative Russian government contracts.","Rotenbergs","Russian government","positive","none"
5074,"However, if true, this lends support to the conclusion that Cohen's initial false statements to the Committee were aided by other members of the alleged JDA, namely the Trump Organization.","Trump Organization","Cohen","positive","none"
5075,"Kushner and his wife, Ivanka Trump, who are both senior advisers to Donald Trump, were angered by revelations about Bannon’s interactions with Special Counsel Robert Mueller that emerged on Saturday, three people familiar with the matter said","Ivanka Trump","Donald Trump","positive","positive"
5076,"Their narrative was not a pro-troops defense; instead, it was about Bannon’s leaks and his use of right-wing media to besmirch McMaster, “one of the most decorated and respected generals of his generation.”","Bannon","McMaster","negative","negative"
5077,"The next day, Conway was on Twitter fending off reports of her own demise–“Uninformed chatter doesn’t matter”–just hours before the Office of Government Ethics suggested that the White House discipline her for likely breaking government rules when she endorsed Ivanka Trump’s fashion line on live television.","White House","Conway","negative","negative"
5078,"The day after the public announcement that Manafort joined the Trump Campaign on March 29, 2016, Gates sent Kilimnik an email with five attachments and instructions regarding those attachments.","Gates","Kilimnik","neutral","neutral"
5079,"Assange had access to the internet from the Ecuadorian Embassy in London, England.","Ecuadorian Embassy","Assange","positive","none"
5080,"Emin Agalarov wrote back, ""On it.""","Emin Agalarov","Rob Goldstone","neutral","neutral"
5081,"Other senior Trump Campaign advisors, including Flynn, Kushner, Manafort, Lewandowski, then Senator Jeff Sessions, and Trump Campaign policy advisor Sam Clovis also expressed interest in obtaining the emails.","Flynn","Trump Campaign","positive","none"
5082,"Mr. A [Agalarov] just called Rob Goldstone re this.","Agalarov","Rob Goldstone","neutral","neutral"
5083,"Flynn responded by recommending that McFarland not meet with Manafort ""until we're in the hot seats,"" presumably a reference to their taking official roles in the U.S. Government.","Flynn","McFarland","positive","positive"
5084,"Gates recalled that Manafort and Deripaska used to meet regularly and had a number of different projects ongoing.","Manafort","Deripaska","neutral","neutral"
5085,"Manafort and Kushner both recalled speaking to Trump Jr. after the meeting.","Manafort","Trump Jr.","neutral","neutral"
5086,"According to one of Smith's business associates, Smith believed Ledeen's initiative was not viable at that time.","Smith","Ledeen","negative","none"
5087,"The letter with the note was emailed by a staffer at the Trump Organization to Emin Agalarov, who responded, ""Amazing Thank you.""","Trump Organization","Emin Agalarov","positive","none"
5088,"On June 9, 2016, for example, a Russian lawyer met with senior Trump Campaign officials Donald Trump Jr., Jared Kushner, and campaign chairman Paul Manafort to deliver what the email proposing the meeting had described as ""official documents and information that would incriminate Hillary.""","Jared Kushner","Paul Manafort","neutral","neutral"
5089,"Manafort admitted that Kilimnik did not need to state the obvious that Manafort could benefit financially.","Kilimnik","Manafort","positive","none"
5090,"According to Konstantin, they [Konstantin and Manafort] were having breakfast with the president, President Yanukovych","Konstantin","Yanukovych","positive","positive"
5091,"Cohen said that Trump responded with words to the effect of, ""That's great. Let me know.""","Trump","Donald Trump Jr.","neutral","neutral"
5092,"“Check out the attachment of me with the ‘Donald,’” Cohen wrote in a 2006 email to Gene Freidman, who managed his taxi medallions.","Cohen","Gene Freidman","neutral","neutral"
5093,"On March 6, 2016, Clovis wrote an email update to senior Campaign members, including Jared Kushner, Ivanka Trump, Corey Lewandowski, Michael Glassner, and Stephen Miller, explaining that he had ""made contact with everyone in the matrix ...","Clovis","Ivanka Trump","neutral","neutral"
5094,"An initial meeting in Moscow was attended by Louis Freeh, then-Russian Prosecutor General Yuri Chaika, the Russian Deputy Prosecutor General, Peter Katsyv, Imre Pakh, and the Associate Managing Director at Freeh's firm.","Louis Freeh","Yuri Chaika","neutral","neutral"
5095,"In 2010, after Assange was arrested in England for questioning by Swedish authorities on rape allegations, Putin made statements supportive of Assange.","Putin","Assange","positive","none"
5096,"When he later learned that Nunberg had been subpoenaed to testify before the Grand Jury, Stone denied meeting with Assange and claimed he had been joking.","Nunberg","the Grand Jury","neutral","none"
5097,"By June 2016, Sater, through his contacts in Russia, had helped organize an invitation for Cohen to attend the St. Petersburg International Economic Forum (SPIEF).","Cohen","St. Petersburg International Economic Forum (SPIEF)","neutral","none"
5098,"But what Natalia Veselnitskaya was told, correspondingly, Aras, Natalia Veselnitskaya's client, when he reacted to Natalia Veselnitskaya's request to think about how he might help Natalia Veselnitskaya, with whom he might introduce Natalia Veselnitskaya to in the United States, he gave Natalia Veselnitskaya the contact details of an individual in the United States, Mr. Irakli Kaveladze.","Aras","Natalia Veselnitskaya","positive","none"
5099,"Michael Cohen’s mother, Sondra, was a nurse.","Michael Cohen","Sondra","positive","positive"
5100,"The GRU operated the DCLeaks Twitter account, @dcleaks _, from the same computer it used for other interference efforts, including the Twitter account @BaltimorelsWhr, which encouraged a ""flash mob"" and posting of images to oppose Clinton.","GRU","Clinton","negative","none"
5101,"As the general election approached, Scavino, a member of the communications team who also had a role in administering Trump's Twitter account during the Trump Campaign, increasingly forwarded updates relating to WikiLeaks to other Trump Campaign officials, using subject lines like ""WIKI ABOUT TO DROP SOME BOMBS ... 4 pmE"" and ""The WikiLeaks BOMB!"" and linking to the latest WikiLeaks twitter post or its website.","Scavino","Trump Campaign","neutral","none"
5102,"Shamir in tum provided them to Belarus's Aleksandr Lukashenko, an authoritarian leader who relied on the documents to-justify the arrest of opposition figures on allegations of spying for the United States.","Shamir","Aleksandr Lukashenko","positive","none"
5103,"But Donald Trump has continued to privately discuss the matter, including the possible appointment of a second special counsel to investigate both Mrs Clinton and Mr Comey, according to two people who have spoken to the president about the matter.","Donald Trump","Clinton","negative","none"
5104,"Kilimnik and Manafort secretly coordinated on Ukraine matters, practicing communications security through the continued use of foldering.","Kilimnik","Manafort","positive","positive"
5105,"This report provides further evidence of an extensive conspiracy between the TRUMP campaign and the Kremlin, sanctioned at highest levels and involving Russian diplomatic staff based in the US.","TRUMP campaign","KREMLIN","positive","positive"
5106,"When U.S. media published Kilimnik's name in August 2016, Kilimnik returned to Russia, allegedly for protection.","Kilimnik","Russia","positive","positive"
5107,"Although Stone no. longer had a formal position on the Campaign at this time, the Campaign ""still had people he knew,"" including Trump, Gates, Paul Manafort, and (later) Steve Bannon, and Stone ""had the ability to access these people.""","Stone","Trump","neutral","none"
5108,"Goldstone told Shugart about Garten's outreach.","Goldstone","Shugart","neutral","neutral"
5109,"For example, the GRU released specific sets of DCCC documents related to races in Florida on August 15, 2016, and to races in Pennsylvania on August 21, 2016.","GRU","DCCC","negative","none"
5110,"Gates responded to Mermoud's text, ""Yes. Will call shortly. Going to try and do it.""","Gates","Mermoud","neutral","neutral"
5111,"Kilimnik separately continued to push the Yanukovych peace plan with Manafort and others.","Kilimnik","Manafort","neutral","neutral"
5112,"Emin Agalarov told the Committee that Trump discussed running for president at the time, but that Trump said he did not know if he would run.","Emin Agalarov","Trump","neutral","neutral"
5113,"The Russian contacts consisted of business connections, offers of assistance to the Trump Campaign, invitations for candidate Trump and Putin to meet in person, invitations for Trump Campaign officials and representatives of the Russian government to meet, and policy positions seeking improved U.S.-Russian relations.","Trump","Putin","neutral","neutral"
5114,"Page’s views may be compromised by his investment in Russian energy giant Gazprom.","Page","Gazprom","positive","none"
5115,"For example, in early 2016, Vasiliy Anisimov, a Russian oligarch with ties to Vladimir Putin and ties to organized crime, sought to hire Louis Freeh, an American lobbyist and former Director of the FBI, to work with Veselnitskaya on the Prevezon case.","Vasiliy Anisimov","Veselnitskaya","neutral","neutral"
5116,"After the associate expressed concern over Manafort and Trump, Kilimnik told the associate in a subsequent email that Manafort is a very good strategist and that there could be surprises, even in American politics.","Kilimnik","Manafort","positive","none"
5117,"On November 23, 2016, Kaveladze, having already been met with skepticism from Goldstone about a second meeting, indicated to Goldstone that Veselnitskaya was willing to change her flight if needed.","Goldstone","Kaveladze","negative","none"
5118,"Gates told the FBI that he joked about Kilimnik being a Russian spy because he did not know for sure if Kilimnik was a Russian intelligence officer.","Gates","FBI","neutral","neutral"
5119,"In his conversation with Mr McGahn, Donald Trump asked what stopped him from ordering the Justice Department to investigate Mr Comey and Mrs Clinton, the two people familiar with the conversation said.","Donald Trump","Mr Comey","negative","none"
5120,"For example, at the time they were deactivated by Facebook in mid-2017, the IRA's ""United Muslims of America"" Facebook group had over 300,000 followers, the ""Don't Shoot Us"" Facebook group had over 250,000 followers, the ""Being Patriotic"" Facebook group had over 200,000 followers, and the ""Secured Borders"" Facebook group had over 130,000 followers.","Facebook","""Being Patriotic""","negative","none"
5121,"On another, Michael Cohen was flying to Iowa on a Trump jet to float the boss’s name as a presidential possibility.","Michael Cohen","Trump","positive","none"
5122,"Following the June 9, 20 16, meeting in Trump Tower and the birthday painting delivery, Goldstone continued to contact Trump Jr. and others on a range oftopics.","Goldstone","Trump Jr.","neutral","none"
5123,"Senior leaders of the PoR, who paid Manafort and with whom Manafort maintained close personal relationships, were reliant on corruption and organized crime. For example, Yuriy Boyko and Dmytro Firtash two Ion -time allies and funders of the PoR who maintained close relationships with Manafort.","Yuriy Boyko","Manafort","positive","positive"
5124,"Jared Kushner had failed to disclose any foreign contacts, including meetings with Sergey Gorkov to the United States and the head of a Russian state bank.","Jared Kushner","Sergey Gorkov","neutral","neutral"
5125,"Kaveladze responded, ""I know.","Kaveladze","Rob Goldstone","neutral","neutral"
5126,"On May 17, 2017, Acting Attorney General Rod Rosenstein appointed the Special Counsel and authorized him to conduct the investigation that Corney had confirmed in his congressional testimony, as well as matters arising directly from the investigation, and any other matters within the scope of 28 C.F.R. � 600.4(a), which generally covers efforts to interfere with or obstruct the investigation.","Rod Rosenstein","Special Counsel","positive","none"
5127,"So Rob Goldstone and Irakly “Ike” Kaveladze politely kind of gradually tried to explain to Natalia Veselnitskaya that the meeting is not going to happen, because Natalia Veselnitskaya's like: I'm here, but then I have to go to Moscow, and then I'm willing to come back; if they confirm a meeting I would definitely come back, and stuff like that.","Irakly “Ike” Kaveladze","Natalia Veselnitskaya","neutral","neutral"
5128,"Cohen stated that he and Rtskhiladze were friends and that he spoke to, and spent time with, Rtskhiladze on a ""regular basis.""","Cohen","Rtskhiladze","positive","positive"
5129,"On January 19, 2016, Goldstone emailed Trump Jr. and copied Graff.","Goldstone","Graff","neutral","neutral"
5130,"Several days later, on November 27, Kaveladze followed up with Goldstone, apologizing for bothering him on a Sunday, and said that Veselnitskaya ""called again asking about the meeting with T [Trump] people.""","Kaveladze","Goldstone","neutral","neutral"
5131,"Stolen documents included the DNC's opposition research into candidate Trump.","DNC","Trump","negative","none"
5132,"Mr Trump’s lawyers also privately asked the Justice Department last year to investigate Mr Comey for mishandling sensitive government information and for his role in the Clinton email investigation.","Comey","Clinton","negative","none"
5133,"In the early parts of the 2016 election, before WikiLeaks had received hacked materials from the GRU, Assange expressed his opposition to Hillary Clinton's candidacy.","Assange","Hillary Clinton","negative","none"
5134,"Section lII of this Report details the Office's investigation into the Russian hacking operations, as well as other efforts by Trump Campaign supporters to obtain Clinton-related emails.","Trump Campaign","Clinton","negative","none"
5135,"On June 16, 2015, the day that Trump announced his candidacy, Goldstone emailed Graff and Trump Jr. with the subject line, ""Please pass on mine and Emin's best wishes and congratulations to Mr. Trump.""","Emin","Trump Jr.","positive","none"
5136,"On June 30 (another day that Guccifer 2.0 posted commentary on line), Stone called Rhona Graffs line at the Trump Organization for eight minutes.","Stone","Rhona Graffs","neutral","neutral"
5137,"Cohen's role had grown following the departure of Paul Manafort as Trump campaign manager in August 2016.","Manafort","Trump campaign","negative","none"
5138,"On either May 15 or 16, he had dinner with Stone and Corsi, and Malloch understood that Stone ""still had an unofficial role in the campaign and Trump listened to him,"" so Malloch stayed in touch and offered to help with opposition research.","Malloch","Corsi","neutral","neutral"
5139,"An individual named Nagi Idris, another director at LCILP, facilitated the introduction between Papadopoulos and Mifsud while they were in Rome.","Nagi Idris","Mifsud","neutral","none"
5140,"Michael Cohen, Donald Trump's embattled personal fixer, and Felix Sater, who helped negotiate deals around the world for Donald Trump's, led the effort.","Felix Sater","Donald Trump","neutral","none"
5141,"On November 8, 2015, Trump wrote to Aras Agalarov:","Trump","Aras Agalarov","neutral","neutral"
5142,"Stone had known Trump for years and had served as an advisor to the Trump Campaign from late 2014 until approximately August 2015.","Stone","Trump Campaign","neutral","none"
5143,"Around the time that the DNC announced in mid-June 2016 the Russian government's role in hacking its network, the GRU began disseminating stolen materials through the fictitious online personas ""DCLeaks"" and ""Guccifer 2.0.""","DCLeaks","GRU","neutral","none"
5144,"[To: Jared Kushner] [To: Paul Manafort] [From: Donald Trump Jr.]","Trump Jr.","Paul Manafort","neutral","neutral"
5145,"Lyovochkin, Yanukovych's former chief of staff, helped lead the consolidation of the OB with the backing of Akhmetov, Yanukovych's longtime sponsor.","Akhmetov","Yanukovych","positive","none"
5146,"Cohen said that, at the time, he did not know what meeting Trump Jr. was referring to, and did not ask because he did not feel it was appropriate.","Cohen","Trump Jr.","neutral","neutral"
5147,"Issues related to Manafort's historical involvement with Deripaska and the PoR continued through Manafort's entry into the Trump Campaign in 2016.","Manafort","Deripaska","neutral","neutral"
5148,"The Russian Embassy made contact hours after the election to congratulate the President-Elect and to arrange a call with President Putin.","Russian embassy","President-elect","positive","none"
5149,"Manafort used contacts with Roger Stone and Tom Barrack, both of whom were longtime associates of Trump, to lobby for a position on the Trump Campaign.","Manafort","Roger Stone","positive","positive"
5150,"On June 28, 2013, Graff emailed Shugart and Goldstone and attached a final signed copy of the letter.","Graff","Shugart","neutral","neutral"
5151,"Communications between WikiLeaks and GRU personas, coupled with forensic analysis of documents, suggest that at least some Podesta emails could have been transferred as late as September 2016.","GRU","Wikileaks","positive","none"
5152,"Carter Page, a little-known adviser to Donald Trump stunned a gathering of high-powered Washington foreign policy experts meeting with the visiting prime minister of India, Narendra Modi","Carter PAGE","Narendra MODI","neutral","neutral"
5153,"Barbara Ledeen and Peter Smith were among the people contacted by Flynn.","Flynn","Barbara Ledeen","neutral","neutral"
5154,"Cohen and Rtskhiladze contacted John Fotiadis, a U.S.-based architect, and had Fotiadis create architectural renderings for a skyscraper.","Rtskhiladze","John Fotiadis","neutral","neutral"
5155,"On March 20, 2017, in open-session testimony before HPSCI, Comey stated: I have been authorized by the Department of Justice to confirm that the FBI, as part of our counterintelligence mission, is investigating the Russian government's efforts to interfere in the 2016 presidential election, and that includes investigating the nature of any links between individuals associated with the Trump campaign and the Russian government and whether there was any coordination between the campaign and Russia's efforts ....","Department of Justice","Comey","positive","none"
5156,"According to Beniaminov, attendees at the dinner included Aras Agalarov, Donald Trump, Aras Agalarov's wife and daughter, Emin Agalarov, Emin Agalarov's friends Murad and Timur Beniaminov, Roman Beniaminov (no relation), Rob Goldstone, Goldstone and Agalarov's associate Murtaza Akbar, Trump Organization employees Keith Schiller and Michael Cohen, Miss Universe employee Esther Swan, former-Miss Universe Olivia Culpo, and others.","Timur Beniaminov","Emin Agalarov","neutral","neutral"
5157,"Cohen described Poliakova as ""extremely professional"" and ""very detailed in her questions regarding the project.""","Cohen","Poliakova","positive","none"
5158,"WikiLeaks did not respond on Twitter. But on June 15, the day after The Washington Post published the first article detailing suspected Russian hacking of the DNC, the GRU's Guccifer 2.0 persona referenced WikiLeaks in its first blog post, claiming that it had given ""thousands of files and mails"" stolen from the DNC to Wikileaks, which would ""publish them soon.""","The Washington Post","Russia","negative","none"
5159,"Michael Cohen testified to the Committee that he was present in Trump's office when Trump Jr. came into the office and, in a manner that was uncommon, walked toward the back of Trump's desk and leaned over and quietly said, ""The meeting. It's all set.""","Michael Cohen","Trump Jr.","neutral","none"
5160,"“You don’t know how much trouble you are in,” Steve Bannon screamed, telling Hope Hicks that if she didn’t get a lawyer he would call her father and tell him he had better get her one.","Steve Bannon","Hope Hicks","negative","none"
5161,"Mikhail Posokhin is a widely-known Russian architect and developer who has completed a large number of Russian government projects, including renovations of many Kremlin offices and residences, as well as the residence of the Russian President (Kremlin Building Number 1), according to Posokhin's personal website.","Mikhail Posokhin","Russian government","positive","positive"
5162,"Michael Cohen’s father, Maurice, a surgeon, was born in Poland in 1935 and survived the “gulags of Siberia,” according to a letter he wrote to the judge who sentenced his son.","Michael Cohen","Maurice","positive","positive"
5163,"Millian is a Belarusian-born American citizen, and as of 2018 was the president of the Russian- American Chamber of Commerce and a real estate broker in New York City.","Millian","Russian- American Chamber of Commerce","neutral","none"
5164,"Carter Page was likely a subject of interest to Russian officials during the 2016 election, given that he was the only member of the Trump Campaign's foreign policy advisory team publicly identified as a Russia expert.","Russian officials","Carter Page","neutral","none"
5165,"During the 2013 trip to Moscow for the Miss Universe Pageant, two Agalarov employees, Artem Klyushin and his then-wife Yulya Klyushina, spent time with Donald Trump.","Artem Klyushin","Yulya Klyushina","positive","positive"
5166,"So at that point, Paula Shugart was led [by Rob] to believe that Paula Shugart didn't hear what she thought she heard.""","Paula Shugart","Rob","negative","negative"
5167,"Kilimnik was placed in a managerial role within Manafort' s firm, eventually becoming head of the Ukraine office and having ""power of attorney"" as the office director.","Kilimnik","the Ukraine office","neutral","neutral"
5168,"By early February 2016, George Papadopoulos agreed to join LCILP and began working in London.","George Papadopoulos","LCILP","neutral","none"
5169,"GRU officers used both the DCLeaks and Guccifer 2.0 personas to communicate with WikiLeaks through Twitter private messaging and through encrypted channels, including possibly through WikiLeaks's private communication system.","DCLeaks","WikiLeaks","neutral","neutral"
5170,"Trump Campaign and Russian leadership had a mutual interest in defeating Democratic Party presidential candidate Hillary Clinton, whom President Putin apparently both hated and feared.","Hillary Clinton","Democratic Party","neutral","none"
5171,"Mifsud's use of Polonskaya as a proxy to further induce contact with Papadopoulos is consistent with intelligence tradecraft.","Polonskaya","Papadopoulos","neutral","none"
5172,"Rykov began receiving Russian government support in 2003, primarily to expand the scope of online influence efforts targeting a domestic audience by working with Kremlin-linked organizations to fill the Russian internet with pro-Kremlin content and social media commentary.","Russian Government","Rykov","positive","none"
5173,"On October 30, 2013, Roman Beniaminov and Goldstone, who both work for Emin Agalarov, exchanged an email titled ""To do.""","Roman Beniaminov","Emin Agalarov","neutral","none"
5174,"In subsequent months, the IRA purchased dozens of advertisements supporting the Trump Campaign, predominantly through the Facebook groups ""Being Patriotic"", ""Stop All Invaders"", and ""Secured Borders"".","IRA","""Stop All Invaders""","neutral","neutral"
5175,"Unbeknownst to Patten, Kilimnik and Lyovochkin met with Manafort at the Westin in Alexandria during this trip.","Kilimnik","Lyovochkin","neutral","neutral"
5176,"Kilimnik and Manafort planned to use the poll, which tested other Ukrainian political issues and OB politicians, to gauge voter sentiment for""the peace plan involving Yanukovych without overtly revealing the purpose of the poll.","Kilimnik","Yanukovych","positive","none"
5177,"Goldstone was meeting Veselnitskaya, Akhmetshin, and Samochomov for the first time.","Goldstone","Akhmetshin","neutral","neutral"
5178,"In one call during that period, Stone also told Gates that the WikiLeaks information could be from the Russians.","Stone","Gates","positive","none"
5179,"It was the New York Times and the Washington Post, who came to the defense of McMaster, against Breitbart and its cronies and satellites.","New York Times","McMaster","positive","none"
5180,"July 2016 was also the month WikiLeaks first released emails stolen by the GRU from the DNC.","GRU","DNC","negative","none"
5181,"On August 23, 2016, Kilimnik exchanged emails with Roman Olearchyk, a journalist with the Financial Times in Kyiv.","Roman Olearchyk","the Financial Times","neutral","none"
5182,"Jared Kushner and Donald Trump Jr. said, 'hey, that was kind of funny.","Jared Kushner","Donald Trump Jr.","positive","positive"
5183,"According to Goldstone, Schiller said, ""I hear from Paula that you guys are going to dinner tonight. Mr. Trump would like to join.""","Paula","Schiller","neutral","neutral"
5184,"Corsi had previously been involved in publishing Ted Malloch' s memoirs, and had introduced Malloch and Stone earlier in 2016, when Malloch sought involvement in the Campaign.","Corsi","Stone","neutral","none"
5185,"Manafort's position could help Deripaska develop relationships with Trump, which could have been helpful to Deripaska in other ways as well.","Trump","Deripaska","positive","none"
5186,"Gates recalled that in addition to Trump Jr., Eric Trump, Manafort, and Hope Hicks attended the meeting, while Ivanka Trump and Jared Kushner joined the meeting late.","Eric Trump","Manafort","neutral","neutral"
5187,"At the time, Sater told Cohen that the letter had been sent ""3 days ago but went to my spam,"" even though, in reality, the letter had just been produced.","Sater","Cohen","neutral","neutral"
5188,"The Guccifer 2.0 persona responded, ""ok ... i see.""","Guccifer 2.0","WikiLeaks","neutral","neutral"
5189,"Posts from the IRA-controlled Twitter account @TEN_GOP were cited or retweeted by multiple Trump Campaign officials and surrogates, including Donald J. Trump Jr., Eric Trump, Kellyanne Conway, Brad Parscale, and Michael T. Flynn.","Kellyanne Conway","@TEN_GOP","neutral","neutral"
5190,"At 9:49 p.m., Gates and Manafort exchanged emails about the meeting with Kilimnik, stating that the meeting would take place at 7:30 a.m.the next morning and that Kilimnik would take the train to New York from Washington, D.C.","Manafort","Gates","neutral","neutral"
5191,"Donald Trump said the meeting is definitely happening, he just isn't sure if Putin wants 7th, 8th or 9th.","Donald Trump","Putin","positive","positive"
5192,"In his email to Kilimnik, Manafort again instructed Kilimnik that he ""should cover V [Boyarkin] on this story and make certain that V understands this is all BS and the real facts are the ones we passed along last year.""","Kilimnik","Boyarkin","positive","positive"
5193,"According to Manafort, Donald Trump and others in his family were aware that Manafort and Kushner were in contact, and Kushner ""thought it would be good"" for Manafort to call Trump.","Kushner","Manafort","positive","positive"
5194,"Sater told the Committee in his interview prior to the release of the SCO Report that his references to Evgeny were, to his recollection, Evgeny Shmykov.","Sater","Evgeny Shmykov","neutral","neutral"
5195,"However, Cohen would later admit that several days after his initial email, on January 20, 2016, he received a response from Elena Poliakova, Peskov's Chief of Staff.","Elena Poliakova","Peskov","neutral","none"
5196,"Kilimnik has repeatedly claimed that in April 1995 he stopped his Russian service at the rank of Lieutenant after having been assigned to teach Swedish at VKIMO and traveling on several ""Russian trade delegations"" to Sweden.","Kilimnik","VKIMO","neutral","none"
5197,"On November 27, Yulya Klyushina emailed Emin Agalarov, Rob Goldstone, Artem Klyushin and others, to inform them that Trump had written about the Agalarovs on Twitter and had posted a link to an article about Emin Agalarov's new music video, which Trump was featured in.","Yulya Klyushina","Artem Klyushin","neutral","neutral"
5198,"Akhmetshin told the Committee that after doing research on Browder related to depositions in the Prevezon case, he had the idea to establish HRAGI and proposed it to Veselnitskaya and her client in Russia, Katsyv.","Akhmetshin","Katsyv","neutral","none"
5199,"First, on multiple occasions, members and surrogates of the Trump Campaign promoted-typically by linking, retweeting, or similar methods of reposting�pro-Trump or anti-Clinton content published by the IRA through IRA-controlled social media accounts.","Trump Campaign","IRA","positive","none"
5200,"But what I was told, correspondingly, Aras, my client, when he reacted to my request to think about how he might help me, with whom he might introduce me to in the United States, he gave me the contact details of an individual in the United States, Mr. Irakli Kaveladze.","Aras","Irakli Kaveladze","neutral","none"
